pid,comp,date,class,repeat_visit,native_eng,other_lang,when_learned,x_1
3908,klab1,9/22/2015 9:36,Pyshc Stats,maybe,yes,,,
3909,klab2,9/22/2015 9:41,Pyschology 111,no,yes,,,
3910,klab3,9/22/2015 9:49,PSYC 111-Strauss,no,yes,,,
3911,klab1,9/22/2015 10:43,PSYC 243,no,yes,,,
3912,klab2,9/22/2015 10:40,Psych 111 Strauss,no,no,Russian,42496,
3913,klab3,9/22/2015 10:50,psychology 111,no,no,french/creole,when i was about 9,
3914,klab1,9/22/2015 11:31,Psychology 111,no,yes,,,
3915,klab2,9/22/2015 11:41,Psychology 111-01,no,yes,,,
3916,klab3,9/22/2015 11:42,Psych 112,no,yes,,,
3917,klab1,9/22/2015 12:24,PSYCH 111 Windsor ,no,yes,,,
3918,klab2,9/22/2015 12:26,Psyc 111,no,yes,,,
3919,klab3,9/22/2015 12:30,PSYCH 243,no,no,Italian,3,
3920,klab1,9/24/2015 9:57,PSYC 111-02,no,no,Chinese,8,
3922,klab1,9/24/2015 10:35,Psych 111,no,no,Chinese,2,
3923,klab3,9/24/2015 10:46,Psy. 243,no,yes,,,
3924,klab2,9/24/2015 10:55,PSYC 111,no,yes,,,
3925,klab1,9/24/2015 11:32,PSYC111,no,no,Japanese,4,
3926,klab2,9/24/2015 11:39,PSYCHOLOGY 111,no,yes,,,
3927,klab3,9/24/2015 11:36,Psychology 111,no,yes,,,
3928,klab1,9/24/2015 12:24,psychology,no,yes,,,
3929,klab2,9/24/2015 12:27,PSYCH 111,no,yes,,,
3930,klab3,9/24/2015 12:30,PSYC 112,no,yes,,,
3931,klab1,9/24/2015 13:19,PSYC243 ,no,yes,,,
3932,klab2,9/24/2015 13:33,Psyc 111,no,yes,,,
3933,klab3,9/24/2015 13:34,PSYCH 243,yes,yes,,,
3934,klab1,9/24/2015 15:48,PSYC 111,no,yes,,,
3935,klab2,9/24/2015 15:49,Psych 111,no,yes,,,
3936,klab3,9/24/2015 15:52,PSYC 111-02,no,yes,,,
3937,klab1,9/24/2015 16:50,psych111,no,no,Chinese,10,
3938,klab2,9/24/2015 16:50,Psychology111,no,no,Chinese,6,
3939,klab3,9/24/2015 16:47,Psychology 111,no,yes,,,
3940,klab1,9/24/2015 17:24,psychology 111,no,yes,,,
3942,klab3,9/24/2015 17:18,Psychology,no,no,Chinese,8,
3943,klab1,9/25/2015 9:36,psychology 101,no,yes,,,
3944,klab2,9/25/2015 9:40,Psych 111,no,yes,,,
3945,klab3,9/25/2015 9:40,Psych 111,no,no,Spanish,6,
3946,klab1,9/25/2015 10:23,PSYC 111,no,yes,,,
3947,klab2,9/25/2015 10:40,Psychology 111,no,yes,,,
3948,klab1,9/25/2015 11:31,Psyc 243,no,yes,,,
3949,klab2,9/25/2015 11:34,psy111,no,no,Chinese,4,
3950,klab3,9/25/2015 11:37,psychology 111,no,yes,,,
3951,klab1,9/25/2015 12:22,PSYC 243,no,no,Spanish,3.5,
3952,klab2,9/25/2015 12:28,Psychology 111,no,yes,,,
3953,klab3,9/25/2015 12:25,Psychology 111,no,yes,,,
3954,klab1,9/25/2015 13:33,PSYC 111,no,yes,,,
3955,klab2,9/25/2015 13:43,psychology 11,no,yes,,,
3956,klab3,9/25/2015 13:44,Psych 111,no,yes,,,
3957,klab1,9/25/2015 14:32,Psyc 111 Section 2,no,yes,,,
3958,klab2,9/25/2015 14:39,PSYC 111,no,yes,,,
3959,klab3,9/25/2015 14:46,Psychology 111 - Windsor,no,yes,,,
3960,klab1,9/25/2015 15:26,Psych 111,no,yes,,,
3961,klab2,9/25/2015 15:29,Psyc 111,no,yes,,,
3962,klab3,9/25/2015 15:30,PSYC 111,yes,yes,,,
3963,klab1,9/25/2015 16:34,Pschology 111,no,yes,,,
3964,klab2,9/25/2015 16:34,Psych 111,no,yes,,,
3965,klab3,9/25/2015 16:31,PSYCH 111,maybe,yes,,,
3966,klab1,9/25/2015 17:29,Psychology,no,no,Chinese,7,
3967,klab2,9/25/2015 17:34,Psych 111,no,yes,,,
3968,klab3,9/25/2015 17:44,Psychology 111,no,yes,,,
3969,klab1,9/28/2015 10:32,PSYCH 111,maybe,yes,,,
3970,klab2,9/28/2015 10:35,Psychology 111,no,no,Korean,10,
3971,klab3,9/28/2015 10:42,Psych 111,no,no,Russian,5,
3972,klab1,9/28/2015 11:31,Psych 111,no,yes,,,
3973,klab2,9/28/2015 11:35,Psych 111,no,yes,,,
3974,klab3,9/28/2015 11:34,Psychology 111,no,yes,,,
3975,klab1,9/28/2015 12:26,PSYC 111,no,yes,,,
3976,klab2,9/28/2015 12:34,Pyschology 111,yes,yes,,,
3977,klab3,9/28/2015 12:30,General Psychology 111,no,yes,,,
3978,klab1,9/28/2015 13:34,psyc 111 - Strauss,no,no,Korean,12,
3979,klab2,9/28/2015 13:33,PSYCH 111,no,yes,,,
3980,klab3,9/28/2015 13:49,Psyc 112,no,no,Twi,2 years,
3981,klab1,9/28/2015 14:35,Psych 111,no,yes,,,
3982,klab2,9/28/2015 14:43,Psych 111,no,yes,,,
3983,klab3,9/28/2015 14:32,Psychology 111,no,yes,,,
3984,klab1,9/28/2015 15:39,PSYCH 111,no,yes,,,
3985,klab2,9/28/2015 15:33,PSYCH 111,no,yes,,,
3986,klab3,9/28/2015 15:40,Psych 111,no,yes,,,
3987,klab1,9/28/2015 16:32,Psych 111,no,yes,,,
3988,klab2,9/28/2015 16:31,psych 111,yes,yes,,,
3989,klab3,9/28/2015 16:48,psychology 101,maybe,yes,,,
3990,klab1,9/28/2015 18:12,PSYC111-01,no,no,Chinese,5,
3991,klab2,9/28/2015 18:08,PSYC 111,no,yes,,,
3992,klab1,9/29/2015 9:57,PSYCH 243,no,yes,,,
3993,klab2,9/29/2015 10:03,PSYC243,no,yes,,,
3994,klab3,9/29/2015 9:49,psych 111,maybe,yes,,,
3995,klab1,9/29/2015 10:46,psych 111,no,yes,,,
3996,klab2,9/29/2015 10:45,Psychology 111,maybe,no,Cantonese,2,
3997,klab3,9/29/2015 10:46,psych111,no,yes,,,
3998,klab1,9/29/2015 11:38,Psych111,no,yes,,,
3999,klab2,9/29/2015 11:39,Psych 111,yes,yes,,,
4000,klab3,9/29/2015 11:38,Psychology 111,no,yes,,,
4001,klab1,9/29/2015 12:47,Psych 111,no,yes,,,
4002,klab2,9/29/2015 12:33,Psyc 243,no,yes,,,
4003,klab3,9/29/2015 12:45,Psych Stats,maybe,yes,,,
4004,klab1,9/29/2015 13:57,psych 111,maybe,yes,,,
4005,klab2,9/29/2015 13:48,psych 111,no,yes,,,
4006,klab1,9/29/2015 14:45,Psychology 111,no,yes,,,
4007,klab2,9/29/2015 14:57,Psych111,no,yes,,,
4008,klab3,9/29/2015 14:50,PSYC111,no,yes,,,
4009,klab1,9/29/2015 15:53,Psych 111,no,yes,,,
4010,klab2,9/29/2015 15:59,Psychology.,no,no,Chinese.,15,
4011,klab3,9/29/2015 15:49,General psychology  111- Prof Gregory Strauss,no,yes,,,
4012,klab1,9/29/2015 16:52,Psych 111,no,yes,,,
4013,klab2,9/29/2015 17:01,Psychology 111,no,yes,,,
4014,klab3,9/29/2015 17:00,Psychology 111,no,yes,,,
4015,klab1,9/29/2015 17:54,PSCH111,no,no,Chinese,12,
4016,klab2,9/29/2015 17:49,PSYC 243 (statistcal analysis and design),no,yes,,,
4017,klab1,9/30/2015 9:42,Psychology Statistics,no,yes,,,
4018,klab2,9/30/2015 9:44,Psyc243,no,yes,,,
4019,klab1,9/30/2015 10:29,Psychology,no,yes,,,
4020,klab2,9/30/2015 10:27,Psychology 111,no,yes,,,
4021,klab3,9/30/2015 10:38,Psychololgy 111,no,yes,,,
4022,klab1,9/30/2015 11:16,psyc 111,no,yes,,,
4023,klab2,9/30/2015 11:20,PSYCH 111,maybe,yes,,,
4024,klab3,9/30/2015 11:27,Psychology 111,no,yes,,,
4025,klab1,9/30/2015 13:42,PSYCH 111 with Strauss,no,yes,,,
4026,klab2,9/30/2015 13:31,PSYC 111,no,no,Bosnian,4,
4027,klab1,9/30/2015 14:16,psychology,no,yes,,,
4028,klab2,9/30/2015 14:21,Psychology 111,no,yes,,,
4029,klab3,9/30/2015 14:25,PSYC 111 - Gregory Strauss,no,yes,,,
4030,klab1,9/30/2015 15:22,Psychology 111,no,yes,,,
4031,klab2,9/30/2015 15:25,PSYCH 111,no,yes,,,
4032,klab3,9/30/2015 15:29,Psych 111,no,yes,,,
4033,klab1,9/30/2015 16:22,Psychology 111,no,yes,,,
4034,klab1,9/30/2015 17:14,Psychology 111-Professor Windsor,no,yes,,,
4035,klab2,9/30/2015 17:17,PSYC 111,no,yes,,,
4036,klab3,9/30/2015 17:20,Psychology 111,no,yes,,,
4037,klab1,10/6/2015 9:27,Pysch 111,no,yes,,,
4038,klab1,10/6/2015 10:26,Psych 111,no,yes,,,
4039,klab2,10/6/2015 10:26,Pysch 111,no,yes,,,
4040,klab1,10/6/2015 11:25,Psychlogy lab 112,no,no,Chinese,8,
4041,klab2,10/6/2015 11:26,Psycholohy 111,maybe,yes,,,
4042,klab1,10/6/2015 12:16,Psych 111,no,yes,,,
4043,klab2,10/6/2015 12:51,phychology 111-01,no,no,Chinese,8,
4044,klab3,10/6/2015 12:26,Psychology 111,no,yes,,,
4045,klab1,10/6/2015 13:20,Psychology 111,no,yes,,,
4046,klab2,10/6/2015 13:31,Psychology 111,no,yes,,,
4047,klab3,10/6/2015 13:27,Psychology 111,no,yes,,,
4048,klab1,10/6/2015 14:21,Psych Stats,no,no,Hebrew,3,
4049,klab2,10/6/2015 14:34,Psych 111,no,yes,,,
4050,klab3,10/6/2015 14:34,Psychology,no,no,Chinese,12,
4051,klab1,10/6/2015 15:33,psychology 111,no,yes,,,
4052,klab2,10/6/2015 15:32,Psych 111,maybe,yes,,,
4053,klab3,10/6/2015 15:34,psych 111,no,yes,,,
4054,klab1,10/7/2015 10:31,Psych 111,no,yes,,,
4055,klab2,10/7/2015 10:30,psych 273,no,yes,,,
4056,klab3,10/7/2015 10:42,Introduction to Pyschology 111,no,yes,,,
4057,klab1,10/7/2015 11:29,PSYCH111,no,yes,,,
4058,klab2,10/7/2015 11:30,Psychology 111,no,yes,,,
4059,klab3,10/7/2015 11:34,Psychology 111,no,yes,,,
4060,klab1,10/7/2015 13:42,Psychology 111,maybe,yes,,,
4061,klab2,10/7/2015 13:45,PSYC 111,no,yes,,,
4062,klab3,10/7/2015 13:55,Psychology 111,no,yes,,,
4063,klab1,10/7/2015 14:36,Psych 111, Windsor,no,yes,,
4064,klab2,10/7/2015 14:34,psych 111,yes,yes,,,
4065,klab3,10/7/2015 14:55,Intro to Psychcology 111,no,yes,,,
4066,klab1,10/7/2015 15:36,Psych 111,no,yes,,,
4067,klab2,10/7/2015 15:26,pysch 111,yes,yes,,,
4068,klab3,10/7/2015 15:42,Psyc 111,no,yes,,,
4069,klab1,10/7/2015 16:28,Pysch 111,no,yes,,,
4070,klab2,10/7/2015 16:26,Psych 111,no,no,Russian,4,
4071,klab1,10/7/2015 17:24,Psych 111-02,no,yes,,,
4072,klab2,10/7/2015 17:28,PSYC 111-01,no,no,Korean ,15,
4073,klab3,10/7/2015 17:33,PSYCH 111,no,yes,,,
4074,klab3,10/8/2015 9:45,PSYC 360 (Psychotherapy),no,yes,,,
4075,klab2,10/8/2015 9:40,PSYCH 111,maybe,yes,,,
4076,klab1,10/8/2015 11:40,psych 111,no,yes,,,
4077,klab2,10/8/2015 11:39,Psychology 111,no,yes,,,
4078,klab3,10/8/2015 11:34,psychology 111,maybe,yes,,,
4079,klab1,10/8/2015 15:37,PSYC 111,no,yes,,,
4080,klab2,10/8/2015 15:53,Psych 111,no,yes,,,
4081,klab3,10/8/2015 15:44,Psychology 111,no,yes,,,
4082,klab1,10/8/2015 16:22,Psychology 111,no,yes,,,
4083,klab3,10/8/2015 16:37,Psych 111 Windsor,no,yes,,,
4084,klab2,10/8/2015 16:49,PSYCH 111 Windsor,maybe,yes,,,
4085,klab1,10/8/2015 17:34,Psych 111,no,yes,,,
4086,klab2,10/8/2015 18:01,PSYC 243-01 Statistical Analysis & Design (Morrissey),no,yes,,,
4087,klab1,10/9/2015 10:44,psych 211,no,yes,,,
4088,klab2,10/9/2015 10:54,Psych111,no,yes,,,
4089,klab3,10/9/2015 10:46,Psychology 111 Strauss,no,yes,,,
4090,klab1,10/9/2015 11:38,psychology 111,no,yes,,,
4091,klab2,10/9/2015 11:38,psych 111,no,yes,,,
4092,klab1,10/9/2015 12:54,PSYC-111-01,no,no,Chinese,About 8 years old.,
4093,klab2,10/9/2015 12:24,PSYC111,no,yes,,,
4094,klab3,10/9/2015 12:24,Psychology 111,maybe,yes,,,
4095,klab1,10/9/2015 13:33,Psych 111 --- Windsor,no,yes,,,
4096,klab2,10/9/2015 13:39,PSYC 243,no,yes,,,
4097,klab3,10/9/2015 13:36,psychology 111,no,yes,,,
4098,klab1,10/9/2015 14:22,PSYCH111,no,yes,,,
4099,klab2,10/9/2015 14:28,Psych 111,no,yes,,,
4100,klab3,10/9/2015 14:23,Psych 111,no,yes,,,
4101,klab1,10/9/2015 15:34,Psych 243,no,yes,,,
4102,klab2,10/9/2015 15:29,Psych 111,no,yes,,,
4103,klab3,10/9/2015 15:29,PSYCH 111,no,yes,,,
4104,klab1,10/9/2015 16:43,Psychology 111,no,yes,,,
4105,klab2,10/9/2015 16:24,Gen Psychology,no,yes,,,
4106,klab3,10/9/2015 16:47,PSYCH  111,no,yes,,,
4107,klab1,10/9/2015 17:43,Psychology  121,no,yes,,,
4108,klab2,10/9/2015 17:35,Psychology 111,maybe,yes,,,
4109,klab3,10/9/2015 17:42,psych 111,no,yes,,,
4110,klab1,10/12/2015 11:30,psychology 111,no,yes,,,
4111,klab2,10/12/2015 11:59,Psych 111,no,yes,,,
4112,klab3,10/12/2015 11:53,psych 111,no,yes,,,
4113,klab1,10/12/2015 13:39,PSYCH 111,no,yes,,,
4114,klab2,10/12/2015 13:37,Psychology 111,no,yes,,,
4115,klab3,10/12/2015 13:49,Psychology Statistics,no,yes,,,
4116,klab1,10/12/2015 14:57,PSYC111,no,no,Chinese,10,
4117,klab2,10/12/2015 14:42,Psychology 111,no,yes,,,
4118,klab2,10/12/2015 15:36,Psych 111,maybe,yes,,,
4119,klab3,10/12/2015 15:43,Psychology 111,no,yes,,,
4120,klab1,10/12/2015 15:47,General Pyschology (Pysc 111, Windsor),no,yes,,
4121,klab1,10/12/2015 16:30,SYC 111,no,yes,,,
4122,klab2,10/12/2015 16:44,psych 111,no,yes,,,
4123,klab3,10/12/2015 16:45,Psychology 111,no,yes,,,
4124,klab1,10/12/2015 18:01,PSYC 111,no,yes,,,
4125,klab2,10/12/2015 17:47,PSYCH111,no,yes,,,
4126,klab3,10/12/2015 17:52,psyc-243,no,yes,,,
4127,klab1,10/13/2015 9:53,psych 111,no,yes,,,
4128,klab2,10/13/2015 9:59,PSYC 111,no,yes,,,
4129,klab3,10/13/2015 10:08,psychology101,no,no,Chinese,12,
4130,klab1,10/13/2015 10:49,Psychology 111,maybe,yes,,,
4131,klab2,10/13/2015 10:46,Psychology 111,no,no,Ukrainian,4,
4132,klab1,10/13/2015 11:43,Psych 111 (I think that's the number. It's Professor Windsor's class for intro psych),no,yes,,,
4133,klab2,10/13/2015 11:37,PSYC 111,no,yes,,,
4134,klab1,10/13/2015 12:18,Psychology 111,no,yes,,,
4135,klab2,10/13/2015 12:31,PSYC 111,no,yes,,,
4136,klab3,10/13/2015 12:29,psychology 111,no,yes,,,
4137,klab1,10/13/2015 13:28,Psychology 111,no,yes,,,
4138,klab2,10/13/2015 13:43,Psychology 111,no,yes,,,
4139,klab3,10/13/2015 13:39,Psychology 111,no,yes,,,
4140,klab1,10/13/2015 14:32,psychology 111,no,yes,,,
4141,klab2,10/13/2015 14:48,Psychology 111,no,yes,,,
4142,klab3,10/13/2015 14:47,Psychology 111,no,yes,,,
4143,klab1,10/13/2015 15:52,pschology 111,no,no,Spanish ,4,
4144,klab2,10/13/2015 15:44,psych111,maybe,yes,,,
4145,klab3,10/13/2015 15:48,Psyc111 Professor:Strauss,no,no,Chinese,13,
4146,klab1,10/14/2015 10:46,Psych 243,no,yes,,,
4147,klab2,10/14/2015 10:50,Psych 111,no,yes,,,
4148,klab3,10/14/2015 11:01,psyc111,no,yes,,,
4149,klab1,10/14/2015 11:25,Psychology 111 Windsor,no,yes,,,
4150,klab2,10/14/2015 11:43,psych 111,no,yes,,,
4151,klab3,10/14/2015 11:53,PSYC 243,no,yes,,,
4152,klab1,10/14/2015 13:37,Psych 111,no,yes,,,
4153,klab2,10/14/2015 13:37,psych 111,no,yes,,,
4154,klab3,10/14/2015 13:45,Psych 111,no,yes,,,
4155,klab1,10/14/2015 14:24,PSYCH 117- Windsor,yes,yes,,,
4156,klab2,10/14/2015 14:20,Psychology 101,no,yes,,,
4157,klab3,10/14/2015 14:50,PSYC 111,no,yes,,,
4158,klab1,10/14/2015 15:23,PSYC 111,no,yes,,,
4159,klab2,10/14/2015 15:25,Psy243,no,yes,,,
4160,klab3,10/14/2015 15:33,pysch 111,no,yes,,,
4161,klab1,10/14/2015 16:27,Psychology 111 with Matthew Windsor,no,yes,,,
4162,klab2,10/14/2015 16:36,Psychology 112,no,no,Spanish,7,
4163,klab3,10/14/2015 16:59,Psychology 111,no,yes,,,
4164,klab1,10/14/2015 17:42,Psych 243,no,yes,,,
4165,klab2,10/14/2015 17:36,Pych 111,yes,yes,,,
4166,klab3,10/14/2015 17:37,Psych111,no,yes,,,
4167,klab1,10/15/2015 9:47,Psyc 360,no,yes,,,
4168,klab2,10/15/2015 9:52,PSYC 243 ,no,yes,,,
4169,klab1,10/15/2015 11:21,Psychology,no,yes,,,
4170,klab2,10/15/2015 11:23,psych 111,no,yes,,,
4171,klab3,10/15/2015 11:37,psych 111,no,yes,,,
4172,klab1,10/15/2015 15:20,psychology 111,yes,yes,,,
4173,klab2,10/15/2015 15:40,psych 111,no,yes,,,
4174,klab1,10/15/2015 16:31,Psych 111 - Dr. Windsor,no,yes,,,
4175,klab2,10/15/2015 16:26,PSYC 111,no,yes,,,
4176,klab3,10/15/2015 16:32,PSYC243,yes,yes,,,
4177,klab1,10/15/2015 17:12,PSYCH 111,no,yes,,,
4178,klab2,10/15/2015 17:16,psychology 111,no,yes,,,
4179,klab3,10/15/2015 17:43,PSYC 111,no,yes,,,
4180,klab1,10/16/2015 10:45,PSYC 111,no,no,Chinese(Mandarin),6,
4181,klab2,10/16/2015 10:34,PSYC 243,no,yes,,,
4182,klab3,10/16/2015 10:38,Psych111,no,yes,,,
4183,klab1,10/16/2015 11:19,psych 111,no,yes,,,
4184,klab2,10/16/2015 11:42,Psyc 111,no,yes,,,
4185,klab3,10/16/2015 11:29,PSYCH 111-01,yes,yes,,,
4186,klab1,10/16/2015 12:28,Psychology 111 - Strauss,no,yes,,,
4187,klab2,10/16/2015 12:35,Psych 111,no,no,Russian,started learning at 6,
4188,klab3,10/16/2015 12:32,psych 111,no,yes,,,
4189,klab1,10/16/2015 13:24,PSYCH 111,no,yes,,,
4190,klab2,10/16/2015 13:26,Psychology 111,no,yes,,,
4191,klab3,10/16/2015 13:37,Psychology 111,no,yes,,,
4192,klab1,10/16/2015 14:29,PSYC-243,no,yes,,,
4193,klab2,10/16/2015 14:23,psyc 111,no,yes,,,
4194,klab3,10/16/2015 14:39,Psychology 111,no,yes,,,
4195,klab1,10/16/2015 15:37,Intro to Psych,no,yes,,,
4196,klab2,10/16/2015 15:35,General Psychology 111,no,no,Kannada,3 years,
4197,klab3,10/16/2015 15:43,Psyc 243,no,yes,,,
4198,klab1,10/16/2015 16:42,Psych 111,no,yes,,,
4199,klab2,10/16/2015 16:41,PSYCH 111,maybe,yes,,,
4200,klab3,10/16/2015 16:45,Psychology,no,yes,,,
4201,klab1,10/16/2015 17:41,PSYC 111,no,yes,,,
4202,klab2,10/16/2015 17:30,Psychology 111 with Dr. Strauss,no,yes,,,
4203,klab3,10/16/2015 17:33,Intro to Psychology,no,yes,,,
4204,klab1,10/19/2015 11:57,Psychology 111,no,no,Czech,4,
4205,klab2,10/19/2015 11:57,Psych 111,no,yes,,,
4206,klab3,10/19/2015 11:53,Psych 111 ,no,yes,,,
4207,klab1,10/19/2015 13:55,Lab in General Psychology ,no,yes,,,
4208,klab2,10/19/2015 13:52,Psychology 111,maybe,yes,,,
4209,klab1,10/19/2015 14:57,Pysc 111 section 2,no,yes,,,
4210,klab2,10/19/2015 14:45,Psych 243,no,yes,,,
4211,klab3,10/19/2015 14:55,psych 111,no,yes,,,
4212,klab1,10/19/2015 15:56,Psych 111,no,yes,,,
4213,klab2,10/19/2015 15:47,psyc111,no,no,Chinese,Cannot remember,
4214,klab3,10/19/2015 15:40,pysc 111,no,no,chinese,5,
4215,klab1,10/19/2015 16:45,Psychology 111,no,yes,,,
4216,klab2,10/19/2015 16:44,Psychology 111,no,yes,,,
4217,klab3,10/19/2015 16:53,PSYCH 111,no,yes,,,
4218,klab1,10/19/2015 17:52,psych 111,yes,yes,,,
4219,klab2,10/19/2015 17:49,Psych 243,no,yes,,,
4220,klab3,10/19/2015 17:59,Introduction to Psychology,no,no,Urdu,Since Grade school,
4222,klab2,10/20/2015 10:01,Psychology 111,no,yes,,,
4223,klab3,10/20/2015 10:48,PSYCH 111,no,yes,,,
4224,klab2,10/20/2015 10:53,Psych 111,no,yes,,,
4225,klab1,10/20/2015 10:55,Psych 111,no,no,Ukrainian,10,
4226,klab1,10/20/2015 11:51,psychology 111,no,yes,,,
4227,klab2,10/20/2015 11:54,PSYC 111,no,yes,,,
4228,klab1,10/20/2015 12:36,Psychology 111,no,yes,,,
4229,klab2,10/20/2015 12:45,Psychology 111,yes,no,Albanian,5,
4230,klab1,10/20/2015 13:53,Psych 243,no,yes,,,
4232,klab3,10/20/2015 13:58,Psych 111,no,yes,,,
4233,klab1,10/20/2015 14:46,Psychology 111 ,no,yes,,,
4234,klab2,10/20/2015 14:41,psych 111,no,yes,,,
4235,klab3,10/20/2015 14:41,psych111 ,no,yes,,,
4236,klab1,10/20/2015 15:47,Psych Lab 112,no,yes,,,
4237,klab2,10/20/2015 15:43,psych 111,no,yes,,,
4238,klab3,10/20/2015 15:49,Psych 111,no,yes,,,
4239,klab1,10/21/2015 10:48,PSYCH 111,no,yes,,,
4240,klab2,10/21/2015 10:56,Psychology 111,no,yes,,,
4241,klab3,10/21/2015 10:47,Psyc 243,no,yes,,,
4242,klab1,10/21/2015 11:54,psych 111,no,yes,,,
4243,klab2,10/21/2015 11:50,Psych 111 - Windsor,maybe,yes,,,
4244,klab1,10/21/2015 13:51,Pysch 111,maybe,yes,,,
4245,klab2,10/21/2015 13:53,Psych 111,no,yes,,,
4246,klab3,10/21/2015 13:51,Psychology 111,no,yes,,,
4247,klab1,10/21/2015 14:41,psych243,no,yes,,,
4248,klab2,10/21/2015 14:42,Psychology 111,no,yes,,,
4249,klab3,10/21/2015 14:54,PSYCH 111,no,yes,,,
4250,klab1,10/21/2015 15:49,Statistical Psychology ,no,yes,,,
4251,klab2,10/21/2015 15:57,Intro to Psychology 111,yes,no,Chinese Cantonese/Mandarin ,6,
4252,klab3,10/21/2015 15:56,PSYCHOLOGY ,no,yes,,,
4253,klab1,10/21/2015 16:54,Psychology 111,no,yes,,,
4254,klab2,10/21/2015 16:41,PYSCH 111,no,yes,,,
4255,klab3,10/21/2015 16:53,PHYSCOLOGY 111,maybe,yes,,,
4256,klab1,10/21/2015 17:34,Psych 243,no,yes,,,
4257,klab2,10/21/2015 17:38,psyc 111,no,yes,,,
4258,klab3,10/21/2015 17:32,Psych 111,maybe,yes,,,
4259,klab1,10/22/2015 9:43,Psychology 111,no,yes,,,
4260,klab2,10/22/2015 9:53,Psychology 111,no,yes,,,
4261,klab1,10/22/2015 11:24,Psyc 111,no,yes,,,
4262,klab2,10/22/2015 11:31,Psychology 111,no,yes,,,
4263,klab3,10/22/2015 11:31,PYSCH 111,maybe,yes,,,
4264,klab1,10/22/2015 15:27,PSYCH 111,no,yes,,,
4265,klab2,10/22/2015 15:32,psyc112,maybe,yes,,,
4266,klab3,10/22/2015 15:40,psychology 111,no,yes,,,
4267,klab1,10/22/2015 16:28,psych 111,no,yes,,,
4268,klab2,10/22/2015 16:45,PSYCH 111,no,yes,,,
4269,klab3,10/22/2015 16:53,Psych 110,no,yes,,,
4270,klab1,10/22/2015 17:24,Psych 243,no,yes,,,
4271,klab2,10/22/2015 17:28,Psych Statistics,no,yes,,,
4272,klab1,10/23/2015 10:41,Psych 111,no,yes,,,
4273,klab1,10/23/2015 11:35,PSYC 111,no,yes,,,
4274,klab2,10/23/2015 11:38,Psychology 111,no,yes,,,
4275,klab1,10/23/2015 12:30,PSYCH 111,no,yes,,,
4276,klab2,10/23/2015 12:33,Psychology,no,yes,,,
4277,klab1,10/23/2015 13:19,PSYCH 112,no,no,CHINESE ,4,
4278,klab2,10/23/2015 13:32,Psychology 111 - General Psychology,no,yes,,,
4279,klab3,10/23/2015 13:47,Psychology 111,no,yes,,,
4280,klab1,10/23/2015 14:34,Psychology 111 (Windsor),no,yes,,,
4281,klab2,10/23/2015 14:25,Psychology 111,yes,yes,,,
4282,klab3,10/23/2015 14:32,psych 111,yes,yes,,,
4283,klab1,10/23/2015 15:12,Psychology 111,no,yes,,,
4284,klab2,10/23/2015 15:09,PSYC111,no,no,Punjabi,10,
4285,klab3,10/23/2015 15:51,PHYS 111,no,no,Serbian,7,
4286,klab1,10/23/2015 16:29,psych 111,no,no,Chinese,8,
4287,klab2,10/23/2015 16:35,PSYCH 111,no,yes,,,
4288,klab1,10/23/2015 17:14,Psych 111,no,yes,,,
4289,klab2,10/23/2015 17:16,Psychology,no,yes,,,
4290,klab1,10/26/2015 11:12,psych 111,no,yes,,,
4291,klab2,10/26/2015 11:24,Psychology 111,no,yes,,,
4292,klab3,10/26/2015 11:21,psyc 243,no,yes,,,
4293,klab1,10/26/2015 13:28,psych 111,no,yes,,,
4294,klab2,10/26/2015 13:19,Psychology 111,no,yes,,,
4295,klab3,10/26/2015 13:26,psych 243,maybe,yes,,,
4296,klab1,10/26/2015 14:13,PSYC360,no,yes,,,
4297,klab2,10/26/2015 14:29,psychology,no,yes,,,
4298,klab1,10/26/2015 15:29,PSYC 243,no,yes,,,
4299,klab2,10/26/2015 15:27,Psychology 111,no,yes,,,
4300,klab1,10/26/2015 16:15,Psychology 111,no,yes,,,
4301,klab2,10/26/2015 16:11,PSYC 243,no,yes,,,
4302,klab3,10/26/2015 16:14,Phsycology111,maybe,no,Korean,5,
4303,klab1,10/26/2015 17:35,Psychology 111,no,no,Farsi,14,
4304,klab2,10/26/2015 17:35,Psychology 111 Section 01,no,yes,,,
4305,klab1,10/27/2015 9:13,Psychology 111,yes,yes,,,
4306,klab2,10/27/2015 9:15,Pysc111,maybe,yes,,,
4307,klab3,10/27/2015 9:15,Psychology 243, Psychology 360,no,yes,,
4308,klab1,10/27/2015 10:22,Psych 111,no,yes,,,
4309,klab2,10/27/2015 10:36,Psych 243,no,yes,,,
4310,klab3,10/27/2015 10:26,Psychology 111,no,yes,,,
4311,klab1,10/27/2015 11:09,Psych 111,no,yes,,,
4312,klab2,10/27/2015 11:20,Pstchology 111,no,yes,,,
4313,klab1,10/27/2015 12:02,Psychotherapy,maybe,yes,,,
4314,klab2,10/27/2015 12:14,psych 111,no,yes,,,
4315,klab3,10/27/2015 12:19,Psych 111,yes,yes,,,
4316,klab1,10/27/2015 13:01,Psychology 111,no,yes,,,
4317,klab2,10/27/2015 13:15,psychology 111,no,yes,,,
4318,klab3,10/27/2015 13:20,Pyschology 111,no,yes,,,
4319,klab1,10/27/2015 14:16,Psych 112,no,yes,,,
4320,klab2,10/27/2015 14:20,psych 111,no,yes,,,
4321,klab3,10/27/2015 14:21,Psych111,no,yes,,,
4322,klab1,10/27/2015 15:10,psych 111,no,yes,,,
4323,klab2,10/27/2015 15:08,PSYC111,no,yes,,,
4324,klab3,10/27/2015 15:12,Psychology Lab 112,no,yes,,,
4325,klab1,10/28/2015 10:11,PSYC 111,no,yes,,,
4326,klab2,10/28/2015 10:11,Psychology 243,no,yes,,,
4327,klab1,10/28/2015 11:03,psych 111,no,yes,,,
4328,klab2,10/28/2015 11:03,Psychotherapy,maybe,no,Polish,10-11 years,
4329,klab3,10/28/2015 11:07,Psych 243,no,yes,,,
4330,klab1,10/28/2015 13:18,pyschology 111,maybe,yes,,,
4331,klab2,10/28/2015 13:19,PSYC 243,maybe,yes,,,
4332,klab3,10/28/2015 13:24,PYSCH 111,no,yes,,,
4333,klab1,10/28/2015 14:11,Psych 111,no,yes,,,
4334,klab2,10/28/2015 14:15,PSYC 243 ,no,yes,,,
4335,klab1,10/28/2015 15:11,Psych 111 Mr. Windsor,no,yes,,,
4336,klab2,10/28/2015 15:20,Psych 111,yes,no,Spanish,4,
4337,klab1,10/28/2015 15:59,psych 111,no,yes,,,
4338,klab2,10/28/2015 16:08,Psych 111,no,yes,,,
4339,klab1,10/28/2015 17:17,PSYCH 111,no,yes,,,
4340,klab2,10/28/2015 17:19,PSYC 243,no,yes,,,
4341,klab3,10/28/2015 17:21,PSYC 243,no,yes,,,
4342,klab1,10/29/2015 9:29,psych 111,no,yes,,,
4343,klab2,10/29/2015 9:24,Psychology 111,no,yes,,,
4344,klab3,10/29/2015 9:41,PSY 112,no,no,Korean,13,
4345,klab1,10/29/2015 11:19,Psych 111,no,yes,,,
4346,klab2,10/29/2015 11:20,Psychology 111,no,yes,,,
4347,klab3,10/29/2015 11:34,Psyc 111,no,yes,,,
4348,klab1,10/29/2015 15:14,Psych 111,no,yes,,,
4349,klab2,10/29/2015 15:20,Psychology 111,no,yes,,,
4350,klab3,10/29/2015 15:16,PSYC 111,maybe,yes,,,
4351,klab1,10/29/2015 16:19,Psych 111,no,yes,,,
4352,klab1,10/29/2015 17:08,PSYC 111,no,yes,,,
4353,klab2,10/29/2015 17:04,PSYCH 243,yes,yes,,,
4354,klab3,10/29/2015 17:29,Psychotherapy (psych 360),no,yes,,,
4355,klab1,10/30/2015 10:25,Psych 243 - Statistical Analysis and Design,maybe,yes,,,
4356,klab2,10/30/2015 10:36,pyschology ,no,yes,,,
4357,klab3,10/30/2015 10:27,Psychology 111 ,no,yes,,,
4358,klab1,10/30/2015 11:10,PSYC 360,maybe,yes,,,
4359,klab2,10/30/2015 11:16,PSYC 112,yes,yes,,,
4360,klab3,10/30/2015 11:24,Psychology 111,no,yes,,,
4361,klab1,10/30/2015 12:21,Psychology  111,no,yes,,,
4362,klab2,10/30/2015 12:25,psych 111,no,yes,,,
4363,klab1,10/30/2015 13:16,Psych 111 - Strauss,no,yes,,,
4364,klab2,10/30/2015 13:14,Psych 111,no,yes,,,
4365,klab1,10/30/2015 14:21,psych 111,yes,yes,,,
4366,klab2,10/30/2015 14:22,Psych 112,no,yes,,,
4367,klab3,10/30/2015 14:21,Psych  111,no,yes,,,
4368,klab1,10/30/2015 15:13,psyc112,no,yes,,,
4369,klab2,10/30/2015 15:19,Psych 111,no,yes,,,
4370,klab3,10/30/2015 15:24,PSYC 360,no,yes,,,
4371,klab1,10/30/2015 16:30,Psyc111,no,yes,,,
4372,klab2,10/30/2015 16:32,Psychology Lab ,no,yes,,,
4373,klab3,10/30/2015 16:34,psyc111-02,maybe,no,Chinese,9,
4374,klab1,10/30/2015 17:18,Psych 111 Windsor,no,yes,,,
4375,klab2,10/30/2015 17:25,Psychology 111,no,yes,,,
4376,klab3,10/30/2015 17:32,PSYC 111,no,yes,,,
4377,klab1,11/2/2015 11:20,Psychology 111,maybe,yes,,,
4378,klab2,11/2/2015 11:19,PHYC 111,no,yes,,,
4379,klab3,11/2/2015 11:22,Psychology 111,no,yes,,,
4380,klab1,11/2/2015 13:21,Psych 111,no,yes,,,
4381,klab2,11/2/2015 13:31,Pysch 111,no,yes,,,
4382,klab3,11/2/2015 13:19,psych 111,no,yes,,,
4383,klab1,11/2/2015 14:23,PSYC111,no,no,Korean,15,
4384,klab2,11/2/2015 14:27,Psych stats,maybe,yes,,,
4385,klab1,11/2/2015 15:14,Psychology 111,no,yes,,,
4386,klab2,11/2/2015 15:21,psyc 111,yes,no,Cantonese,3 maybe 4,
4387,klab3,11/2/2015 15:26,Psych 111,no,yes,,,
4388,klab1,11/2/2015 16:24,Psych 111,no,yes,,,
4389,klab2,11/2/2015 16:31,psyc stats,no,yes,,,
4390,klab1,11/3/2015 10:28,Psych 111,no,yes,,,
4391,klab1,11/3/2015 11:18,Intro to psychology,no,yes,,,
4392,klab2,11/3/2015 11:21,Psychology 111,maybe,yes,,,
4393,klab1,11/3/2015 13:11,PSYC 243 Stats and Design,no,yes,,,
4394,klab2,11/3/2015 13:15,PSYC 112,yes,yes,,,
4395,klab2,11/3/2015 13:19,Psych 243,no,yes,,,
4396,klab1,11/3/2015 14:35,PSYCH 111,no,yes,,,
4397,klab1,11/3/2015 15:31,PSYCH 111,no,yes,,,
4398,klab2,11/3/2015 15:25,Psych 111 Krauss, Section 02,no,yes,,
4399,klab1,11/4/2015 10:36,PSYC243,no,yes,,,
4400,klab2,11/4/2015 10:33,psyc 111,maybe,no,Spanish,3,
4401,klab1,11/4/2015 11:02,psych 111,yes,yes,,,
4402,klab2,11/4/2015 11:23,Psychology 111,no,yes,,,
4403,klab3,11/4/2015 11:22,Psychology 111,no,yes,,,
4404,klab1,11/4/2015 13:39,PSYC 360,no,yes,,,
4405,klab2,11/4/2015 13:34,Psychology 243: Statistics,no,yes,,,
4406,klab3,11/4/2015 13:25,Psych 111,yes,yes,,,
4407,klab1,11/4/2015 14:25,Psych 111,no,yes,,,
4408,klab2,11/4/2015 14:22,psychology 111,no,yes,,,
4409,klab1,11/4/2015 15:27,PSYC 111,no,yes,,,
4410,klab2,11/4/2015 15:21,Psych 111,no,yes,,,
4411,klab3,11/4/2015 15:15,PSYC 111,no,yes,,,
4412,klab1,11/4/2015 16:17,Psychology  111,no,yes,,,
4413,klab2,11/4/2015 16:15,Psych 111,no,yes,,,
4414,klab3,11/4/2015 16:25,Psychology 111,no,yes,,,
4415,klab1,11/4/2015 17:22,psych 11,yes,yes,,,
4416,klab2,11/4/2015 17:21,PSYC 111,no,yes,,,
4417,klab1,11/5/2015 11:14,PSYC 111,no,yes,,,
4418,klab2,11/5/2015 11:21,Psych 111,no,yes,,,
4419,klab1,11/5/2015 15:12,psychology 111,no,yes,,,
4420,klab2,11/5/2015 15:13,psychology 111,no,yes,,,
4421,klab3,11/5/2015 15:23,Psychology ,no,no,Italian,14,
4422,klab1,11/5/2015 16:34,Psychology 111,no,no,Russian,6,
4423,klab1,11/5/2015 17:20,Psychotherapy 360,no,yes,,,
4424,klab2,11/5/2015 17:18,Phsycology 111,no,yes,,,
4427,klab1,11/6/2015 11:13,Psychotherapy,no,yes,,,
4428,klab2,11/6/2015 11:21,PSYCH 111,no,no,Gujrati, Hindi,3
4429,klab3,11/6/2015 11:34,PSYC 243 Stats,no,yes,,,
4430,klab1,11/6/2015 12:21,Psych111,no,yes,,,
4431,klab2,11/6/2015 12:23,PSYC 243,no,yes,,,
4432,klab3,11/6/2015 12:36,Psych 111,no,yes,,,
4433,klab1,11/6/2015 13:22,psych stats,no,yes,,,
4434,klab2,11/6/2015 13:34,psych 111,no,yes,,,
4435,klab3,11/6/2015 13:39,Psychology 111,no,yes,,,
4436,klab1,11/6/2015 14:07,psycology 111,no,yes,,,
4437,klab2,11/6/2015 14:12,PSYC 243,no,yes,,,
4438,klab3,11/6/2015 14:16,PSYC 111,no,yes,,,
4439,klab1,11/6/2015 15:23,Psychology 111,no,yes,,,
4440,klab2,11/6/2015 15:28,Psych 362,maybe,yes,,,
4441,klab3,11/6/2015 15:31,PSYC112,yes,no,Korean,10,
4442,klab1,11/6/2015 16:30,Psychology 111,no,no,Azerbaijani and Russian,6,
4443,klab2,11/6/2015 16:31,Psychology 111,no,yes,,,
4444,klab1,11/6/2015 17:19,Psychology 111,no,no,Ukrainian,8,
4445,klab2,11/6/2015 17:19,Psych 111,no,yes,,,
4446,klab3,11/6/2015 17:19,psych 11,no,yes,,,
4447,klab1,11/23/2015 11:28,PSYC 111,maybe,yes,,,
4448,klab2,11/23/2015 11:36,Psychology 111,no,yes,,,
4449,klab1,11/23/2015 13:18,Psych 111,no,yes,,,
4450,klab2,11/23/2015 13:40,Intro to psychology,no,yes,,,
4451,klab3,11/23/2015 13:35,PSYCH 111,no,yes,,,
4452,klab1,11/23/2015 14:34,PSYC 111,no,yes,,,
4453,klab2,11/23/2015 14:21,PSYC 360,maybe,yes,,,
4454,klab3,11/23/2015 14:26,PSYC 111,no,yes,,,
4455,klab1,11/23/2015 15:32,Psych 111,no,yes,,,
4456,klab2,11/23/2015 15:34,Psychology 111,no,yes,,,
4457,klab3,11/23/2015 15:37,psychology 111,no,yes,,,
4458,klab1,11/23/2015 16:12,psych 111,no,no,Vietnamese,6,
4459,klab2,11/23/2015 16:17,Psychology 111,no,yes,,,
4460,klab1,11/23/2015 16:39,111,yes,yes,,,
4461,klab1,11/23/2015 17:39,Psychology 111,maybe,yes,,,
4462,klab2,11/23/2015 17:51,Psychology 111,no,yes,,,
4463,klab1,11/24/2015 9:27,psyc 111,no,yes,,,
4464,klab2,11/24/2015 9:29,Psych ,no,no,Urdu,5,
4465,klab1,11/24/2015 10:32,Psych 111,maybe,yes,,,
4466,klab2,11/24/2015 10:29,Psychology 111,no,yes,,,
4467,klab1,11/24/2015 11:36,Psych 111: Strauss,no,yes,,,
4468,klab2,11/24/2015 11:30,Psych 243,maybe,yes,,,
4469,klab1,11/24/2015 12:40,Psychology 111,maybe,yes,,,
4470,klab2,11/24/2015 12:42,PSYC 111,no,yes,,,
4471,klab1,11/24/2015 13:30,Psychological Statistics 243,no,yes,,,
4472,klab2,11/24/2015 13:51,PSYC 111,no,yes,,,
4473,klab3,11/24/2015 13:51,Psych 111,yes,yes,,,
4474,klab1,11/24/2015 14:50,psychology 111,no,yes,,,
4475,klab1,11/24/2015 15:36,Psych 111,yes,yes,,,
4476,klab1,12/1/2015 11:37,pyschology,yes,yes,,,
4478,klab1,12/1/2015 12:49,Psych 111,no,yes,,,
4479,klab2,12/1/2015 12:47,PSYCH 360,no,yes,,,
4480,klab3,12/1/2015 12:47,Psych 243,no,yes,,,
4481,klab1,12/1/2015 14:42,Psychology 111,no,yes,,,
4482,klab1,12/1/2015 15:32,Psych 111,no,yes,,,
4483,klab2,12/1/2015 15:37,Psych 111,no,yes,,,
4484,klab3,12/1/2015 15:38,Psychology 111,no,yes,,,
4485,klab1,12/2/2015 11:29,Psyc 243,no,yes,,,
4486,klab2,12/2/2015 11:29,Psychology 111,no,yes,,,
4487,klab3,12/2/2015 11:31,Psychology  111,maybe,yes,,,
4488,klab1,12/2/2015 13:37,Intro to Psychology 111,maybe,yes,,,
4489,klab2,12/2/2015 13:43,psychology 111,maybe,yes,,,
4490,klab3,12/2/2015 13:48,Psych 111,maybe,yes,,,
4491,klab1,12/2/2015 14:41,Psych 111,maybe,yes,,,
4492,klab2,12/2/2015 14:31,PSY 111,no,no,Cantonese,3,
4493,klab3,12/2/2015 14:42,Psyc 243,maybe,yes,,,
4494,klab1,12/2/2015 15:30,psychology 111,no,yes,,,
4495,klab2,12/2/2015 15:58,psych 243,no,yes,,,
4496,klab3,12/2/2015 15:29,psychology 111,no,yes,,,
4497,klab1,12/2/2015 16:41,Psych 111,no,yes,,,
4498,klab1,12/2/2015 17:34,Psych 111,no,yes,,,
4499,klab2,12/2/2015 17:47,PSYC243,yes,yes,,,
4500,klab1,12/3/2015 11:24,psychology 111,no,yes,,,
4501,klab2,12/3/2015 11:53,PSYCH 111,no,yes,,,
4502,klab1,12/3/2015 15:17,Psych 111,maybe,yes,,,
4503,klab2,12/3/2015 15:45,Psychology 111,maybe,yes,,,
4504,klab1,12/3/2015 15:55,psy 111,yes,no,Chinese,like elementary school, so 7
4505,klab1,12/3/2015 16:37,Psych 243,maybe,yes,,,
4506,klab1,12/3/2015 17:26,Psych111,yes,yes,,,
4507,klab2,12/3/2015 17:37,PSYCH 243,no,yes,,,
4508,klab3,12/3/2015 17:30,Psychology 111,no,yes,,,
4509,klab1,12/4/2015 10:44,Psych 111,maybe,yes,,,
4510,klab2,12/4/2015 10:57,PSYCH 111,no,yes,,,
4511,klab1,12/4/2015 11:23,Psych 111,no,yes,,,
4512,klab2,12/4/2015 11:26,Psych 111,no,yes,,,
4513,klab3,12/4/2015 11:50,PSYC111,no,no,Chinese,8,
4514,klab1,12/4/2015 12:38,Psych 111,no,yes,,,
4515,klab2,12/4/2015 12:38,psych 111,no,yes,,,
4516,klab1,12/4/2015 13:46,Psychology 111,no,yes,,,
4517,klab2,12/4/2015 13:52,Psych 111,no,yes,,,
4518,klab3,12/4/2015 13:42,Psych 111,maybe,yes,,,
4519,klab1,12/4/2015 14:43,Pscyh 111,no,yes,,,
4520,klab2,12/4/2015 14:47,Psychology 111,no,yes,,,
4521,klab1,12/4/2015 15:29,Psych Stat,no,yes,,,
4522,klab2,12/4/2015 15:30,PSYC 111,maybe,yes,,,
4523,klab3,12/4/2015 15:37,Psychology,yes,yes,,,
4524,klab1,12/4/2015 16:47,PSYC 111,yes,no,Korean,14,
4525,klab1,12/4/2015 17:33,Psych 111,no,yes,,,
4526,klab2,12/4/2015 17:33,Psych 111,no,yes,,,
4527,klab1,12/7/2015 14:52,psych 360,no,yes,,,
4528,klab1,12/7/2015 17:22,Psych 111,no,yes,,,
4529,klab1,12/8/2015 11:26,PSYCH 111,yes,yes,,,
4530,klab1,12/8/2015 12:36,psychology 111,yes,yes,,,
4531,klab2,12/8/2015 12:41,Psych 111,maybe,yes,,,
4535,klab1,12/9/2015 10:43,PSYC360,maybe,no,Japanese,7,
4536,klab2,12/9/2015 10:48,Psychology Statistics,no,yes,,,
4537,klab1,12/9/2015 11:43,Psych 111,no,yes,,,
4538,klab2,12/9/2015 11:53,psyc 243 ,no,yes,,,
4539,klab3,12/9/2015 11:47,Psychotherapy,yes,yes,,,
4540,klab1,12/9/2015 13:13,psyc 360,maybe,yes,,,
4541,klab2,12/9/2015 13:20,pysch 111,yes,yes,,,
4542,klab3,12/9/2015 13:30,Phsychology,no,yes,,,
4543,klab1,12/9/2015 13:42,psychology 360- psychotherapy,maybe,yes,,,
4544,klab2,12/9/2015 13:49,Psychotherapy,yes,yes,,,
4545,klab1,12/9/2015 14:38,psychotherapy ,maybe,yes,,,
4546,klab1,12/9/2015 15:35,Psychology 111,no,no,Spanish,5,
4547,klab2,12/9/2015 15:43,PSYC111,yes,no,Chinese,8,
4549,klab3,12/9/2015 15:47,psychology111,maybe,no,Korean,sine 2yrs old,
4550,klab1,12/9/2015 16:45,Psych111,no,yes,,,
4551,klab2,12/9/2015 16:49,Phyc 111,no,yes,,,
4552,klab1,12/9/2015 17:52,Psychology 111,no,yes,,,
4553,klab2,12/9/2015 17:56,Psychology 111,yes,yes,,,
4554,klab2,12/10/2015 10:31,Psych 111,maybe,no,Spanish,3,
4555,klab1,12/10/2015 10:44,PSYCH 111,no,no,Spanish,3,
4556,klab3,12/10/2015 10:44,Psychology 111,yes,yes,,,
4557,klab1,12/10/2015 11:24,Psycology 111,no,yes,,,
4558,klab2,12/10/2015 11:19,PSYC 243,no,yes,,,
4559,klab3,12/10/2015 11:23,Psychology 111,yes,yes,,,
4560,klab1,12/10/2015 11:47,psych 243,maybe,yes,,,
4561,klab2,12/10/2015 11:56,psychology 101,yes,yes,,,
4562,klab2,12/10/2015 12:25,psychotherapy (psych 360),maybe,yes,,,
4563,klab3,12/10/2015 12:26,psych 360,no,yes,,,
4564,klab1,12/10/2015 12:39,psychology 111,no,yes,,,
4566,klab2,12/10/2015 12:51,Psych 360 - Psychotherapies ,maybe,yes,,,
4567,klab3,12/10/2015 13:04,Psychology 111,no,yes,,,
4568,klab1,12/10/2015 13:36,PSYCH 111,yes,yes,,,
4569,klab2,12/10/2015 13:38,psychology 101,no,no,korean,8,
4570,klab1,12/10/2015 14:29,PSYCH 111,yes,yes,,,
4571,klab2,12/10/2015 14:20,psych 111,yes,yes,,,
4572,klab3,12/10/2015 14:23,psych 111,maybe,yes,,,
4573,klab1,12/10/2015 14:58,Psych 111,yes,yes,,,
4574,klab1,12/10/2015 15:26,Psychology 360,yes,no,Tibetan,12,
4575,klab3,12/10/2015 15:17,Psychotherapy (pscyh 360),no,yes,,,
4576,klab2,12/10/2015 15:25,Psychology 111,yes,yes,,,
4577,klab2,12/10/2015 16:22,Psychotherapy 360,no,yes,,,
4578,klab1,12/10/2015 15:59,Psych 360,yes,yes,,,
4579,klab3,12/10/2015 15:40,Psyc 360,no,yes,,,
4580,klab1,12/10/2015 17:02,PYSC 111,no,yes,,,
4581,klab2,12/10/2015 16:51,Psyc111,maybe,yes,,,
4582,klab3,12/10/2015 16:55,PSYC 111,no,no,Korean,14,
4583,klab1,12/10/2015 17:24,PSYC 360,yes,yes,,,
4584,klab2,12/10/2015 17:42,psych 111,yes,no,Spanish,3,
4585,klab3,12/10/2015 17:44,Psychology 111,yes,yes,,,
4586,klab1,12/11/2015 9:51,Psyc 360(?)- Psychotherapies/ Steve Lynn,no,yes,,,
4587,klab2,12/11/2015 9:52,PSYC 360- Psychotherapy: Models and Methods,maybe,yes,,,
4588,klab1,12/11/2015 10:52,psych stats,yes,yes,,,
4589,klab1,12/11/2015 10:23,Psych 111,yes,yes,,,
4590,klab1,12/11/2015 11:20,Psychotherapy,no,yes,,,
4591,klab1,12/11/2015 11:48,Pysch 111,yes,yes,,,
4592,klab2,12/11/2015 11:48,Psych 111,yes,yes,,,
4593,klab1,12/11/2015 12:16,Psychotherapy,no,yes,,,
4594,klab2,12/11/2015 12:16,pysch 111,no,yes,,,
4595,klab1,12/11/2015 12:46,psych stats,maybe,yes,,,
4596,klab2,12/11/2015 12:45,PSYC 242,yes,yes,,,
4597,klab1,12/11/2015 13:12,PSYC360,maybe,yes,,,
4598,klab2,12/11/2015 13:15,PSYC 360,yes,yes,,,
4599,klab3,12/11/2015 13:24,Psychology 111,maybe,yes,,,
4600,klab1,12/11/2015 13:47,psyc 111,no,no,chinese,4,
4601,klab2,12/11/2015 13:57,PSYCHOTHERAPY: METHODS AND MODELS,no,yes,,,
4602,klab3,12/11/2015 13:55,Psych 111,maybe,yes,,,
4603,klab1,12/11/2015 14:17,psyc 111,maybe,yes,,,
4604,klab1,12/11/2015 14:45,Psych Stats,maybe,yes,,,
4605,klab2,12/11/2015 14:56,Psych 111,yes,yes,,,
4606,klab1,12/11/2015 15:27,Psychology 111,no,yes,,,
4607,klab2,12/11/2015 15:28,Pyschology 111,yes,no,Spanish,5,
4608,klab3,12/11/2015 15:29,psych 360,yes,yes,,,
4609,klab1,12/11/2015 15:48,PSYC 360,yes,yes,,,
4610,klab1,12/11/2015 16:16,Psych 112-Lab,yes,yes,,,
4611,klab2,12/11/2015 16:16,Psychology 111,no,yes,,,
4612,klab2,12/11/2015 17:20,psych 111,maybe,yes,,,
4613,klab1,12/14/2015 11:23,PSYC 111,no,yes,,,
4614,klab2,12/14/2015 11:24,psych 111,yes,yes,,,
4615,klab1,12/14/2015 11:46,psyc 11,maybe,yes,,,
4616,klab2,12/14/2015 11:58,PSYC111,maybe,yes,,,
4617,klab3,12/14/2015 12:00,PSYCH-111,no,no,Cantonese,5,
4618,klab1,12/14/2015 13:27,Psych 360,maybe,yes,,,
4619,klab2,12/14/2015 13:20,psych stats,no,yes,,,
4620,klab3,12/14/2015 13:37,psycology 111: 02, Strauss,no,yes,,
4621,klab2,12/14/2015 13:41,Psychology Statistics,yes,yes,,,
4622,klab1,12/14/2015 13:59,psych 111,no,yes,,,
4623,klab3,12/14/2015 14:05,Psychology 111-02,yes,yes,,,
4624,klab3,12/14/2015 14:33,Psychology,no,yes,,,
4625,klab1,12/14/2015 14:29,incomplete psychology 111,no,yes,,,
4626,klab2,12/14/2015 14:31,Psyc 111,no,yes,,,
4627,klab1,12/14/2015 15:09,PSYC111,yes,yes,,,
4628,klab1,12/14/2015 15:56,Psych 235 (Statistical Psych),no,yes,,,
4631,klab1,12/15/2015 9:21,Psych 243,no,yes,,,
4632,klab1,12/15/2015 10:19,Psych 243,maybe,yes,,,
4633,klab1,12/15/2015 11:10,Psych 11,yes,yes,,,
4634,klab1,12/15/2015 11:45,Psychotherapy,maybe,no,Tagalog,7,
4635,klab1,12/15/2015 12:11,PSYCH 111,no,yes,,,
4636,klab1,12/15/2015 12:54,Psych Stats ,yes,yes,,,
4637,klab2,12/15/2015 12:52,Psych 111,maybe,no,Italian,13,
4638,klab1,12/15/2015 13:48,Psychology 111,yes,yes,,,
4639,klab2,12/15/2015 13:59,Psych statistics,yes,yes,,,
4640,klab1,12/15/2015 14:56,Psych 111,maybe,yes,,,
4641,klab2,12/15/2015 14:59,Psychology 111,no,yes,,,
4644,klab1,12/15/2015 15:51,psych 243,no,yes,,,
4645,klab2,12/15/2015 15:51,psych 243,no,yes,,,
4734,klab1,2/16/2016 10:59,Psych 111,no,yes,,,
4735,klab2,2/16/2016 10:57,psych 111,no,yes,,,
4736,klab3,2/16/2016 11:30,Psyc 111,no,yes,,,
4737,klab1,2/16/2016 12:24,Psych 111,no,yes,,,
4738,klab2,2/16/2016 12:58,Psych 243,no,yes,,,
4739,klab3,2/16/2016 12:56,PSYC 111,no,yes,,,
4740,klab1,2/16/2016 16:42,PSYC243,no,yes,,,
4741,klab1,2/16/2016 17:31,PSYC111,no,yes,,,
4742,klab1,2/17/2016 11:48,Psychology 111,no,yes,,,
4743,klab2,2/17/2016 12:21,Psyc 111,no,yes,,,
4744,klab1,2/17/2016 12:35,PSYC 243,no,yes,,,
4745,klab1,2/17/2016 13:35,Psych 111,no,yes,,,
4746,klab2,2/17/2016 13:41,Psyc 111,no,yes,,,
4747,klab3,2/17/2016 13:24,PSYC 111,no,no,Korean,6,
4748,klab1,2/17/2016 14:41,Psychology 111,no,no,Chinese(Cantonese),5,
4749,klab2,2/17/2016 14:37,PSYCH 111,maybe,yes,,,
4750,klab3,2/17/2016 14:58,PSYC 111,no,no,Bengali,Started in pre K, so 4
4751,klab1,2/18/2016 11:29,PSYC 111,no,yes,,,
4752,klab2,2/18/2016 11:56,Psyc 111-01,no,no,Korean,19,
4753,klab3,2/18/2016 11:34,PSYCH 111,no,yes,,,
4754,klab1,2/18/2016 12:35,Psych111,no,yes,,,
4755,klab2,2/18/2016 12:37,PSYCH 111,no,yes,,,
4756,klab1,2/18/2016 13:38,Psych 243,maybe,yes,,,
4757,klab2,2/18/2016 13:48,Psychology 111,no,yes,,,
4758,klab3,2/18/2016 13:49,Psychology 111-02 Dr. Van Petten,no,yes,,,
4759,klab1,2/18/2016 15:24,Psychology 111(Morrisey),no,yes,,,
4760,klab2,2/18/2016 15:30,PSYCH 111,no,yes,,,
4761,klab1,2/18/2016 16:20,psych stats,no,yes,,,
4762,klab2,2/18/2016 16:54,General Psychology 111,no,yes,,,
4763,klab3,2/18/2016 16:23,Psychological Statistics: Analysis and Design (Psych243),no,yes,,,
4764,klab1,2/19/2016 11:38,psychology 111,no,yes,,,
4765,klab2,2/19/2016 11:32,PSYCH 111,no,yes,,,
4766,klab3,2/19/2016 11:40,PSYC 111,no,yes,,,
4767,klab1,2/19/2016 12:52,PSYC 111,no,yes,,,
4769,klab3,2/19/2016 12:45,PSYCH111,no,no,WENZHOUNESE, MANDARIN ,4
4770,klab1,2/19/2016 13:35,PSYCH 111,no,yes,,,
4771,klab2,2/19/2016 13:28,111,no,yes,,,
4772,klab3,2/19/2016 13:50,PSYC 111,no,yes,,,
4773,klab1,2/19/2016 14:42,Psyc 243 ,no,yes,,,
4774,klab2,2/19/2016 14:47,PSYC 111 ,no,yes,,,
4775,klab3,2/19/2016 14:42,Psychology 111,no,yes,,,
4776,klab1,2/19/2016 15:25,psych 111,yes,yes,,,
4777,klab2,2/19/2016 15:39,Psyc 111,no,yes,,,
4778,klab3,2/19/2016 15:44,Psyc111,no,yes,,,
4779,klab1,2/19/2016 16:50,Psych 243,no,yes,,,
4780,klab2,2/19/2016 16:36,Psych 111,no,no,Russian,Around age 6,
4781,klab3,2/19/2016 16:47,Psych 243,no,yes,,,
4782,klab1,2/19/2016 17:41,Psych 111,no,yes,,,
4783,klab2,2/19/2016 17:42,PYHC 111,no,yes,,,
4784,klab1,2/23/2016 10:57,PSYCH-111,no,no,Russian/ Ukranian,3 or 4ish?,
4785,klab2,2/23/2016 10:37,PSYC 111,no,yes,,,
4786,klab1,2/23/2016 11:42,Psychology 111,no,yes,,,
4787,klab2,2/23/2016 12:07,PSYCH 111,no,yes,,,
4788,klab1,2/24/2016 11:43,Psyc 111,no,yes,,,
4789,klab2,2/24/2016 11:44,Psychology 111,no,yes,,,
4790,klab3,2/24/2016 11:48,psych 111,no,yes,,,
4791,klab1,2/24/2016 12:30,Psych 243,no,yes,,,
4792,klab2,2/24/2016 12:48,Psych111,no,yes,,,
4793,klab3,2/24/2016 12:58,Psychology 111,no,yes,,,
4794,klab1,2/24/2016 13:48,Pysch 111,no,yes,,,
4795,klab2,2/24/2016 13:54,Psych 111,no,yes,,,
4796,klab1,2/24/2016 14:53,Psch 11,no,yes,,,
4797,klab2,2/24/2016 14:49,PSYC 111,no,yes,,,
4798,klab3,2/24/2016 14:54,Psych 111,no,yes,,,
4800,klab2,2/25/2016 11:52,Psych 111,no,yes,,,
4801,klab3,2/25/2016 11:53,psych 111,yes,yes,,,
4802,klab1,2/25/2016 12:43,Psych 111,no,yes,,,
4803,klab2,2/25/2016 12:37,Psych 111,yes,yes,,,
4804,klab3,2/25/2016 12:48,PSYC243,no,yes,,,
4805,klab1,2/25/2016 13:59,PSYC 111,maybe,no,Chinese,9,
4806,klab2,2/25/2016 14:00,Psych 111,no,yes,,,
4807,klab1,2/25/2016 15:51,Psych 111,no,yes,,,
4808,klab2,2/25/2016 15:58,Gen. Pysch (PSYC 111)-Morrissey,no,yes,,,
4809,klab1,2/25/2016 16:37,PSYC 243,no,yes,,,
4810,klab1,2/26/2016 11:44,Psychology 243,no,yes,,,
4811,klab2,2/26/2016 11:54,Psychology 111,no,yes,,,
4812,klab3,2/26/2016 11:58,Psychology 111,no,yes,,,
4813,klab1,2/26/2016 12:41,psych stat,no,yes,,,
4814,klab2,2/26/2016 12:33,psych 243,yes,yes,,,
4816,klab1,2/26/2016 13:50,Psych 111,no,yes,,,
4817,klab2,2/26/2016 13:44,PSYCH 111,no,yes,,,
4818,klab3,2/26/2016 13:54,Psych Stats,no,yes,,,
4819,klab1,2/26/2016 14:43,Psych 111,no,no,Mandarin Chinese and Fuzhounese,8,
4820,klab2,2/26/2016 14:57,Psych 243,no,yes,,,
4821,klab3,2/26/2016 14:54,PSYC 111,no,no,Chinese,8,
4822,klab1,2/26/2016 15:52,Psychology  111,no,no,Fulani,14,
4823,klab2,2/26/2016 15:56,PSYC 243,no,yes,,,
4824,klab3,2/26/2016 15:56,PSYC 111,no,yes,,,
4827,klab1,2/26/2016 17:49,psych ,no,yes,,,
4828,klab2,2/26/2016 17:45,Psych 111,no,yes,,,
4829,klab3,2/26/2016 17:28,Psych 111,maybe,yes,,,
4830,klab1,2/29/2016 11:41,psych 243,yes,yes,,,
4831,klab1,2/29/2016 13:48,PSYC243,no,no,Japanese,16,
4832,klab2,2/29/2016 13:58,Psychology 111,no,yes,,,
4833,klab1,2/29/2016 14:58,PSY-111,no,no,Chinese,14,
4834,klab2,2/29/2016 14:58,PSYCH 111,maybe,yes,,,
4835,klab1,2/29/2016 15:38,Psychology 111,yes,yes,,,
4836,klab1,2/29/2016 16:52,Psychology 111,no,yes,,,
4838,klab2,3/1/2016 10:44,Psychology 111,no,yes,,,
4839,klab3,3/1/2016 10:47,PSYC 111,no,no,Spanish,2,
4840,klab1,3/1/2016 11:52,Psych 111,no,yes,,,
4841,klab2,3/1/2016 11:34,psychology 111,no,yes,,,
4842,klab3,3/1/2016 11:40,Psychology 111,no,yes,,,
4843,klab2,3/1/2016 12:42,Psych 111,no,yes,,,
4844,klab1,3/1/2016 12:51,Psych 111,no,yes,,,
4845,klab1,3/1/2016 16:34,psychology,no,yes,,,
4846,klab2,3/1/2016 17:01,PSYC  111 Gen. Psych,no,yes,,,
4847,klab1,3/1/2016 17:26,General Psychology 111,no,yes,,,
4848,klab3,3/1/2016 17:20,psychology 111,no,yes,,,
4849,klab2,3/1/2016 17:59,PSYC 111,yes,no,Turkish,started learning it at age 6 till now,
4850,klab1,3/2/2016 11:40,psyc 111,no,yes,,,
4851,klab2,3/2/2016 12:03,PSCH 111,no,yes,,,
4852,klab3,3/2/2016 11:44,PSYC 243,no,yes,,,
4853,klab1,3/2/2016 12:46,Psych 11,no,yes,,,
4854,klab3,3/2/2016 12:41,Psych 111,yes,yes,,,
4855,klab2,3/2/2016 12:59,psyc 243,no,yes,,,
4856,klab1,3/2/2016 13:52,Psych 111,no,yes,,,
4857,klab2,3/2/2016 13:48,psych 111,no,yes,,,
4858,klab1,3/2/2016 15:00,Psych 111,no,yes,,,
4859,klab2,3/2/2016 14:50,Psychology 111,no,yes,,,
4860,klab3,3/2/2016 14:34,psych 111- Professor Morissey,no,yes,,,
4861,klab1,3/3/2016 11:56,Psychology 111,no,no,Mandarin Chinese,5,
4862,klab2,3/3/2016 11:50,Psych 111,no,yes,,,
4863,klab1,3/3/2016 12:59,Psych 111,yes,yes,,,
4864,klab2,3/3/2016 12:47,psych 111,no,yes,,,
4865,klab1,3/3/2016 13:40,Psychology 111,no,yes,,,
4866,klab2,3/3/2016 13:38,PSYC 243,no,yes,,,
4867,klab3,3/3/2016 15:47,Psych 111,maybe,yes,,,
4868,klab2,3/3/2016 15:29,Psyc 243 Stats,maybe,yes,,,
4869,klab1,3/3/2016 15:34,Psych 111,no,yes,,,
4870,klab1,3/3/2016 16:40,Psych 111,yes,yes,,,
4871,klab2,3/3/2016 16:55,Psych 111,no,yes,,,
4872,klab3,3/3/2016 16:39,PSYCH 111,no,yes,,,
4873,klab1,3/4/2016 11:58,psych 111,maybe,yes,,,
4874,klab2,3/4/2016 11:56,PYSC 111,no,yes,,,
4875,klab1,3/4/2016 12:51,Psyc 111,no,yes,,,
4876,klab2,3/4/2016 12:49,PSYC 111,maybe,yes,,,
4877,klab3,3/4/2016 12:52,Psych 111,no,yes,,,
4878,klab1,3/4/2016 13:33,PSYC 243,no,no,Spanish,20,
4879,klab2,3/4/2016 13:38,Psychology 111 ,no,yes,,,
4880,klab1,3/4/2016 15:01,Psyc 111,no,no,Mandarin,15,
4881,klab2,3/4/2016 14:53,PSYC 111,yes,no,Japanese,13,
4882,klab1,3/4/2016 15:47,psych 111,no,yes,,,
4883,klab2,3/4/2016 15:58,243,no,yes,,,
4884,klab3,3/4/2016 15:52,111,no,yes,,,
4885,klab1,3/4/2016 16:45,Psyc 111,no,yes,,,
4886,klab1,3/4/2016 17:40,Psychology 111,no,no,Spanish,4,
4887,klab2,3/4/2016 17:41,PSYC 111,no,no,Spanish,5,
4888,klab3,3/4/2016 17:41,PSYC 243,no,yes,,,
4889,klab1,3/7/2016 14:38,Psychology 111,no,yes,,,
4890,klab1,3/8/2016 12:40,PYSC 243,no,yes,,,
4891,klab1,3/9/2016 11:40,psych 243,no,yes,,,
4892,klab1,3/9/2016 12:42,psych 111,yes,yes,,,
4893,klab1,3/9/2016 13:50,psychology 111,no,yes,,,
4894,klab1,3/9/2016 14:40,PSYCH 111,no,yes,,,
4895,klab3,3/9/2016 14:39,Psych 111,no,yes,,,
4896,klab1,3/10/2016 12:38,PSYCH111,no,yes,,,
4897,klab1,3/11/2016 13:20,Psychology 111,yes,yes,,,
4898,klab2,3/11/2016 13:38,Psychology Statistics ,no,yes,,,
4899,klab1,3/11/2016 14:58,Psych 111,no,yes,,,
4900,klab2,3/11/2016 14:58,PSYC 243,no,yes,,,
4901,klab1,3/11/2016 16:37,Psychology 111 (Morrisey),no,yes,,,
4902,klab1,3/14/2016 10:46,PSYCH 111,no,yes,,,
4903,klab1,3/14/2016 13:48,Psychological Statistics (Psych 243),no,yes,,,
4904,klab1,3/14/2016 14:30,Psychology 111,yes,no,Bengali,4,
4905,klab1,3/14/2016 15:49,psychology 111,yes,yes,,,
4906,klab1,3/15/2016 10:27,psyc 111 ,no,yes,,,
4907,klab1,3/15/2016 11:36,PSYC 111,maybe,yes,,,
4908,klab1,3/15/2016 12:54,General Psychology (PSYCH 111),no,yes,,,
4909,klab1,3/16/2016 12:46,PSYC 111,maybe,yes,,,
4910,klab2,3/16/2016 12:57,Psyc 111,maybe,yes,,,
4911,klab1,3/17/2016 11:17,Psychology 111,yes,yes,,,
4912,klab1,3/17/2016 12:57,Psych 111,no,yes,,,
4913,klab1,3/17/2016 15:15,Psych 243,no,yes,,,
4914,klab1,3/18/2016 11:34,PSYC 111,no,no,Korean,8,
4915,klab1,3/18/2016 13:28,Psychology 111,no,yes,,,
4916,klab1,3/18/2016 15:40,Psychology,no,yes,,,
4917,klab1,3/18/2016 17:33,Psych 111,maybe,yes,,,
4918,klab2,3/18/2016 17:34,PSYCH 111,no,yes,,,
4919,klab1,3/21/2016 10:36,PSYC Stats,maybe,yes,,,
4921,klab1,3/21/2016 11:28,psychology111,yes,yes,,,
4922,klab1,3/21/2016 13:41,Psuch 11,no,no,Spanish,13,
4923,klab1,3/22/2016 12:56,Psych 111,no,yes,,,
4924,klab1,3/23/2016 11:34,PSYCH112,no,yes,,,
4925,klab2,3/23/2016 11:45,Pscyh 111,no,yes,,,
4926,klab3,3/23/2016 11:50,pscyh 111,no,yes,,,
4927,klab1,3/23/2016 12:46,psyc111,no,yes,,,
4928,klab1,3/23/2016 13:59,PSYCH 111,no,yes,,,
4929,klab2,3/23/2016 13:57,Psych 111,no,yes,,,
4930,klab1,3/23/2016 14:39,Psych 111,no,yes,,,
4931,klab2,3/23/2016 14:55,PSYC111,no,yes,,,
4932,klab1,3/24/2016 11:44,Psych 111,no,yes,,,
4933,klab2,3/24/2016 11:45,psych 111,no,yes,,,
4934,klab3,3/24/2016 11:51,Psychology 111,no,yes,,,
4935,klab1,3/24/2016 13:01,PSYCH 111,no,yes,,,
4936,klab2,3/24/2016 12:36,Psych111,no,yes,,,
4937,klab1,3/24/2016 13:38,psyc 111,maybe,yes,,,
4938,klab2,3/24/2016 13:29,Psych 243,no,yes,,,
4939,klab1,3/24/2016 15:43,Psychology 111,no,yes,,,
4940,klab1,3/24/2016 16:34,PSYCH 111,no,yes,,,
4941,klab1,4/4/2016 11:51,Psychology 111,no,yes,,,
4942,klab1,4/5/2016 16:50,Psych 111,maybe,yes,,,
4943,klab1,4/6/2016 11:51,Psychology 111,maybe,yes,,,
4944,klab1,4/7/2016 12:36,psych 111,no,yes,,,
4945,klab2,4/7/2016 12:44,Psych 111,no,yes,,,
4947,klab2,4/7/2016 15:51,psychology 111,yes,yes,,,
4948,klab1,4/8/2016 11:38,Psyc 111,no,yes,,,
4949,klab2,4/8/2016 11:44,Psych 111,no,yes,,,
4950,klab1,4/8/2016 12:45,Intro Psychology,maybe,yes,,,
4951,klab1,4/8/2016 15:56,PSYCH 111,no,no,Bulgarian,6 or 7,
4952,klab2,4/8/2016 15:39,Psych 111,no,yes,,,
4953,klab1,4/8/2016 16:50,PSYC 111,no,yes,,,
4954,klab1,4/8/2016 17:34,pyschology 111,no,yes,,,
4955,klab2,4/8/2016 17:45,Psych 243 (Psych Stats),no,yes,,,
4956,klab1,4/11/2016 11:41,Psychology 243,no,yes,,,
4957,klab2,4/11/2016 11:47,Psychology Statistics,no,yes,,,
4958,klab3,4/11/2016 11:39,PSYCH 111,maybe,yes,,,
4959,klab1,4/11/2016 13:59,Psychology 243,no,yes,,,
4960,klab1,4/11/2016 15:32,PSYC 111,maybe,yes,,,
4961,klab1,4/11/2016 17:35,PSYC 111 with Professor Morrissey,maybe,yes,,,
4962,klab1,4/12/2016 10:42,psychology 111,no,yes,,,
4963,klab1,4/13/2016 13:06,psych 111,no,yes,,,
4964,klab1,4/14/2016 12:39,psychology 111,no,yes,,,
4965,klab1,4/14/2016 16:35,Psych 111,no,yes,,,
4966,klab1,4/15/2016 11:54,PSYC 112,no,yes,,,
4967,klab2,4/15/2016 11:48,Psychology Statistics,no,yes,,,
4968,klab1,4/15/2016 12:39,Psych 111,no,yes,,,
4969,klab2,4/15/2016 12:49,Psychology 111,no,yes,,,
4971,klab1,4/15/2016 14:34,Pyschology 111,no,yes,,,
4972,klab2,4/15/2016 14:44,psych 111,maybe,yes,,,
4973,klab3,4/15/2016 14:25,psych 111,maybe,yes,,,
4974,klab1,4/15/2016 15:35,PSYCH 243B,no,yes,,,
4975,klab1,4/15/2016 16:39,Pysch 111,no,yes,,,
4976,klab2,4/15/2016 16:40,Psychology and Statistical Design 243,no,yes,,,
4977,klab3,4/15/2016 16:25,Psych111,no,yes,,,
4978,klab1,4/15/2016 17:50,Psychology 111,no,yes,,,
4980,klab1,4/18/2016 16:46,Psychology 111,no,yes,,,
4981,klab1,4/19/2016 12:37,PSYCH 111,maybe,yes,,,
4982,klab1,4/19/2016 16:19,PSYCH 111,maybe,yes,,,
4983,klab2,4/19/2016 16:41,psych 243,maybe,yes,,,
4984,klab1,4/20/2016 11:34,Psych Stat 243,no,yes,,,
4985,klab2,4/20/2016 11:52,psych 243,maybe,yes,,,
4986,klab3,4/20/2016 11:54,psyc 111 ,no,yes,,,
4987,klab1,4/20/2016 12:23,Pysch 112 ,no,yes,,,
4988,klab2,4/20/2016 12:56,pysc 111,no,yes,,,
4989,klab1,4/20/2016 13:41,Psychology 111,maybe,yes,,,
4990,klab1,4/20/2016 14:33,Psyc 111,no,yes,,,
4991,klab1,4/21/2016 13:21,Psych 111,no,yes,,,
4992,klab1,4/22/2016 11:47,PSYCH111,no,yes,,,
4993,klab2,4/22/2016 11:35,Psych 111,no,yes,,,
4994,klab3,4/22/2016 11:34,PSYC111,maybe,yes,,,
4995,klab1,4/25/2016 11:52,Psychology 111,maybe,yes,,,
4996,klab1,4/25/2016 13:35,Psychology 111,no,no,Spanish,4 or 5,
4997,klab1,4/25/2016 17:31,Psychology 111,no,yes,,,
4998,klab2,4/25/2016 17:41,Psych 111,no,yes,,,
4999,klab1,4/26/2016 17:01,Psych 111,no,yes,,,
5000,klab1,4/27/2016 11:40,pysch 243,no,yes,,,
5001,klab2,4/27/2016 11:30,Psychology 111,yes,yes,,,
5002,klab3,4/27/2016 11:50,Intro to Psychology,no,yes,,,
5003,klab1,4/27/2016 12:31,Psych 111,maybe,yes,,,
5004,klab1,4/27/2016 13:39,Psych 111,no,yes,,,
5005,klab2,4/27/2016 13:47,Psych 111,maybe,yes,,,
5006,klab1,4/27/2016 14:49,PSYCH 111,no,yes,,,
5007,klab1,4/28/2016 12:35,PSYCH 111,maybe,yes,,,
5008,klab1,4/28/2016 13:43,PSYC243,no,yes,,,
5009,klab1,4/28/2016 15:57,PSYC 243 Statistics,no,yes,,,
5010,unknown,unknown,unknown,unknown,no,,,
5011,klab1,4/29/2016 15:55,psych 111,maybe,yes,,,
5012,klab1,4/29/2016 17:18,Psyc 111,yes,yes,,,
5013,klab1,5/3/2016 10:47,111 - Van Petten,maybe,yes,,,
5014,klab2,5/3/2016 10:47,psych 111,maybe,yes,,,
5015,klab1,5/3/2016 12:53,General Psychology 111,maybe,yes,,,
5016,klab1,5/3/2016 16:42,Psychology 111,no,yes,,,
5017,klab2,5/3/2016 16:40,PSYC 111,no,yes,,,
5018,klab1,5/4/2016 11:39,Psychology 111,no,yes,,,
5019,klab1,5/4/2016 12:45,PSYC111,maybe,yes,,,
5020,klab1,5/4/2016 13:39,psych 111,no,yes,,,
5021,klab2,5/4/2016 13:41,psycology,no,yes,,,
5022,klab1,5/4/2016 14:38,Psyc 243,no,yes,,,
5023,klab2,5/4/2016 14:58,PSYC111,no,no,Korean,10,
5024,klab1,5/5/2016 11:40,psych 243,no,yes,,,
5025,klab1,5/5/2016 12:32,psyc,no,yes,,,
5026,klab2,5/5/2016 12:46,psych 111,no,yes,,,
5027,klab1,5/5/2016 15:54,psyc 243,no,no,Korean,7,
5028,klab2,5/5/2016 15:26,psychology 111,no,yes,,,
5029,klab2,5/5/2016 16:32,PSYCH 243,no,yes,,,
5030,klab1,5/6/2016 12:44,Psychology,yes,yes,,,
5031,klab2,5/6/2016 13:01,Psych,no,yes,,,
5032,klab1,5/6/2016 13:40, Psych 111,yes,yes,,,
5033,klab2,5/6/2016 13:53,psych 111,no,yes,,,
5034,klab3,5/6/2016 14:01,PSYC 111,maybe,yes,,,
