"pid","cond","trial","base","tax","the","unr1","unr2","unr3","sel1","sel2","seltype1","seltype2","rt","tax_sel","the_sel","unr_sel"
88888888,"sextet_rand",1,"RABBI","PASTOR","TEMPLE","DRIVEWAY","GLOVES","APPLE","RABBI","PASTOR","BASE","TAXONOMIC",12.9040435068,1,0,0
88888888,"sextet_rand",2,"WAITRESS","STEWARDESS","RESTAURANT","SWAN","BEACH","CALCIUM","STEWARDESS","WAITRESS","TAXONOMIC","BASE",20.7563380925,1,0,0
88888888,"sextet_rand",3,"FOOTBALL","BASEBALL","QUARTERBACK","CLOUD","PLANT","NECKLACE","FOOTBALL","BASEBALL","BASE","TAXONOMIC",12.2522537317,1,0,0
88888888,"sextet_rand",4,"BISCUITS","TOAST","GRAVY","SNAIL","PELICAN","DANCE","TOAST","BISCUITS","TAXONOMIC","BASE",10.1738483706,1,0,0
88888888,"sextet_rand",5,"HAPPY","SAD","SMILE","ROOF","SEED","KEY","HAPPY","SAD","BASE","TAXONOMIC",44.5158623643,1,0,0
88888888,"sextet_rand",6,"COOKIE","BISCUIT","CHOCOLATE","PAGE","WAVE","FUR","COOKIE","BISCUIT","BASE","TAXONOMIC",8.02184340172,1,0,0
88888888,"sextet_rand",7,"CROWN","HAT","KING","SHOVEL","NOSE","TENT","CROWN","HAT","BASE","TAXONOMIC",7.62921173871,1,0,0
88888888,"sextet_rand",8,"FLY","ANT","WINGS","CEREAL","BUSINESS","CONCRETE","ANT","FLY","TAXONOMIC","BASE",41.7786886874,1,0,0
88888888,"sextet_rand",9,"TORTILLA","BAGEL","BEANS","COLD","KNOB","SALESMAN","BAGEL","TORTILLA","TAXONOMIC","BASE",6.32897595363,1,0,0
88888888,"sextet_rand",10,"CUP","BOWL","TEA","LAMP","PHONE","TRUCK","CUP","BOWL","BASE","TAXONOMIC",4.5132979271,1,0,0
88888888,"sextet_rand",11,"COW","PIG","GRASS","CHISEL","PARCEL","HOTEL","COW","PIG","BASE","TAXONOMIC",9.60902499035,1,0,0
88888888,"sextet_rand",12,"PANDA","RACOON","BAMBOO","WHIP","FENDER","LAW","RACOON","PANDA","TAXONOMIC","BASE",7.53839504533,1,0,0
88888888,"sextet_rand",13,"PANTS","DRESS","POCKET","ICE","TEETH","DOG","DRESS","PANTS","TAXONOMIC","BASE",7.86091454932,1,0,0
88888888,"sextet_rand",14,"MILK","LEMONADE","COW","GUITAR","LEAF","WINDOW","MILK","LEMONADE","BASE","TAXONOMIC",3.19715144206,1,0,0
88888888,"sextet_rand",15,"RIVER","LAKE","RAPIDS","GLASS","BUDGET","FEATHER","LAKE","RIVER","TAXONOMIC","BASE",3.4003766207,1,0,0
88888888,"sextet_rand",16,"NEEDLE","PIN","THREAD","WAX","HYDRANT","WRIST","PIN","NEEDLE","TAXONOMIC","BASE",7.03233554447,1,0,0
88888888,"sextet_rand",17,"COMPUTER","TABLET","MOUSE","ATHLETE","COUCH","SALON","COMPUTER","TABLET","BASE","TAXONOMIC",14.2965470478,1,0,0
88888888,"sextet_rand",18,"CAR","BIKE","SEATBELT","SHRIMP","COTTON","BISCUIT","BIKE","CAR","TAXONOMIC","BASE",10.7000426413,1,0,0
88888888,"sextet_rand",19,"CAKE","DONUT","CANDLE","BROCHURE","LAKE","DRUM","CAKE","DONUT","BASE","TAXONOMIC",125.116946075,1,0,0
88888888,"sextet_rand",20,"CHISEL","KNIFE","SCULPTURE","HAMSTER","BOTTLE","MIRROR","CHISEL","KNIFE","BASE","TAXONOMIC",49.4714985299,1,0,0
88888888,"sextet_rand",21,"SHOE","GLOVE","FOOT","WALL","CARD","TIGER","GLOVE","SHOE","TAXONOMIC","BASE",5.61951150559,1,0,0
88888888,"sextet_rand",22,"SURGEON","BUTCHER","KIDNEY","PENGUIN","MOVIE","HOUSE","BUTCHER","SURGEON","TAXONOMIC","BASE",6.39959199447,1,0,0
88888888,"sextet_rand",23,"SPIDER","BEE","WEB","PEPPER","SHED","TOILET","BEE","SPIDER","TAXONOMIC","BASE",6.93807113077,1,0,0
88888888,"sextet_rand",24,"SPOON","LADLE","CEREAL","LION","TREE","STEREO","LADLE","SPOON","TAXONOMIC","BASE",5.44935352774,1,0,0
88888888,"sextet_rand",25,"SHIP","CANOE","SAILOR","UMBRELLA","BANANA","CHAIR","CANOE","SHIP","TAXONOMIC","BASE",2.99799506413,1,0,0
88888888,"sextet_rand",26,"RECEPTIONIST","HOSTESS","TELEPHONE","PARK","HAND","STRING","RECEPTIONIST","HOSTESS","BASE","TAXONOMIC",5.21791821765,1,0,0
88888888,"sextet_rand",27,"OVEN","MICROWAVE","PAN","SCREEN","BASKETBALL","BOOT","OVEN","MICROWAVE","BASE","TAXONOMIC",46.1513752812,1,0,0
88888888,"sextet_rand",28,"SUBMARINE","AIRPLANE","OCEAN","SHEET","CROW","DOCTOR","SUBMARINE","AIRPLANE","BASE","TAXONOMIC",31.0667564739,1,0,0
88888888,"sextet_rand",29,"ROBBERY","TREASON","BANK","STEW","TUB","SHORE","ROBBERY","TREASON","BASE","TAXONOMIC",13.5992419915,1,0,0
88888888,"sextet_rand",30,"SHAMPOO","BLEACH","SHOWER","TEAM","SAUCE","CIRCLE","SHAMPOO","BLEACH","BASE","TAXONOMIC",18.7194924369,1,0,0
88888888,"sextet_rand",31,"ROCKET","MISSILE","ASTRONAUT","BUG","CHEESE","WATER","MISSILE","ROCKET","TAXONOMIC","BASE",12.3551295032,1,0,0
88888888,"sextet_rand",32,"PACKAGE","CRATE","DELIVERY","TROUT","CHILD","BILL","PACKAGE","CRATE","BASE","TAXONOMIC",15.6870542611,1,0,0
88888888,"sextet_rand",33,"CIGARETTES","ALCOHOL","LUNGS","OUTLET","SOCK","CARPET","ALCOHOL","CIGARETTES","TAXONOMIC","BASE",11.6794294813,1,0,0
88888888,"sextet_rand",34,"COCONUT","ORANGE","BEACH","CYMBAL","SOCIETY","ROD","ORANGE","COCONUT","TAXONOMIC","BASE",7.49791660206,1,0,0
88888888,"sextet_rand",35,"TOOTHBRUSH","COMB","FLOSS","CAKE","CUP","GLASSES","TOOTHBRUSH","COMB","BASE","TAXONOMIC",16.5179017303,1,0,0
88888888,"sextet_rand",36,"SNOW","RAIN","SLED","CEMETARY","WORK","NOVEL","SNOW","RAIN","BASE","TAXONOMIC",7.27035377035,1,0,0
88888888,"sextet_rand",37,"CAPTAIN","PILOT","SHIP","EAR","BENCH","FREEZER","PILOT","CAPTAIN","TAXONOMIC","BASE",101.362730116,1,0,0
88888888,"sextet_rand",38,"DOG","CAT","BONE","POND","HOOD","QUEEN","CAT","DOG","TAXONOMIC","BASE",8.96449880255,1,0,0
88888888,"sextet_rand",39,"COW_2","BUFFALO","FARM","SKY","SLIDE","CHALK","BUFFALO","COW","TAXONOMIC","BASE",5.50678155525,1,0,0
88888888,"sextet_rand",40,"BEER","JUICE","PARTY","SHOP","SNOW","WOUND","BEER","JUICE","BASE","TAXONOMIC",5.97652477445,1,0,0
88888888,"sextet_rand",41,"BICYCLE","CAR","HELMET","FISH","BEER","BANK","CAR","BICYCLE","TAXONOMIC","BASE",6.00079257181,1,0,0
88888888,"sextet_rand",42,"MONKEY","BEAR","BANANA","AIRPLANE","HAMMER","PLUG","BEAR","MONKEY","TAXONOMIC","BASE",32.9995682896,1,0,0
88888888,"sextet_rand",43,"LAWNMOWER","SCISSORS","GRASS","BOMB","AUNT","INTERNET","SCISSORS","LAWNMOWER","TAXONOMIC","BASE",7.8123276392,1,0,0
88888888,"sextet_rand",44,"CAMEL","ANTELOPE","DESERT","CORK","ENGINE","PAMPHLET","ANTELOPE","CAMEL","TAXONOMIC","BASE",4.33445575787,1,0,0
88888888,"sextet_rand",45,"PENCIL","PEN","ERASER","FLUTE","MINT","SHEEP","PEN","PENCIL","TAXONOMIC","BASE",4.27677545743,1,0,0
88888888,"sextet_rand",46,"CROUTONS","BAGEL","SALAD","METAL","SHARK","SPOT","BAGEL","CROUTONS","TAXONOMIC","BASE",5.06321208132,1,0,0
88888888,"sextet_rand",47,"CITY","VILLAGE","AIRPORT","WHALE","NECK","CABINET","VILLAGE","CITY","TAXONOMIC","BASE",32.3300701263,1,0,0
88888888,"sextet_rand",48,"BEE","BUTTERFLY","HONEY","ASPHALT","COACH","PLIERS","BUTTERFLY","BEE","TAXONOMIC","BASE",2.26797671709,1,0,0
88888888,"sextet_rand",49,"CHAIR","SOFA","LEGS","BREAD","BALL","KEYBOARD","SOFA","CHAIR","TAXONOMIC","BASE",21.5348334382,1,0,0
88888888,"sextet_rand",50,"BOTTLE","CAN","BABY","CLOCK","BERRY","BELL","CAN","BOTTLE","TAXONOMIC","BASE",23.0483127888,1,0,0
88888888,"sextet_rand",51,"GARLIC","ONION","VAMPIRE","HOUSE","FOOT","CODE","GARLIC","ONION","BASE","TAXONOMIC",2.49094170425,1,0,0
88888888,"sextet_rand",52,"POLICE","FIREMAN","HANDCUFFS","CARAVAN","CRAB","LAUNDRY","FIREMAN","POLICE","TAXONOMIC","BASE",2.66803452093,1,0,0
88888888,"sextet_rand",53,"SAXOPHONE","HARP","JAZZ","SODA","HAIR","PILOT","SAXOPHONE","HARP","BASE","TAXONOMIC",11.4205372147,1,0,0
88888888,"sextet_rand",54,"FIELD","COURT","GRASS","GAS","TOAD","SCHOOL","FIELD","COURT","BASE","TAXONOMIC",26.4698160533,1,0,0
88888888,"sextet_rand",55,"TRUCK","BUS","TRAILER","CLIMATE","CACTUS","CLUB","BUS","TRUCK","TAXONOMIC","BASE",16.404185866,1,0,0
88888888,"sextet_rand",56,"CRIB","BED","BABY","FERRY","BOWL","PATIO","CRIB","BED","BASE","TAXONOMIC",19.8951716018,1,0,0
88888888,"sextet_rand",57,"BIRD","BAT","NEST","BONE","RAIN","BRACKET","BIRD","BAT","BASE","TAXONOMIC",6.33715162706,1,0,0
88888888,"sextet_rand",58,"SILVER","GOLD","BULLET","STAIRS","BALLOON","LIBRARY","GOLD","SILVER","TAXONOMIC","BASE",22.3761161054,1,0,0
88888888,"sextet_rand",59,"PENGUIN","GOOSE","ICE","VOLCANO","HEAD","BRICK","PENGUIN","GOOSE","BASE","TAXONOMIC",7.06042285077,1,0,0
88888888,"sextet_base",1,"PANDA","RACOON","BAMBOO","WHIP","FENDER","LAW","PANDA","RACOON","BASE","TAXONOMIC",60.5335707515,1,0,0
88888888,"sextet_base",2,"CROUTONS","BAGEL","SALAD","METAL","SHARK","SPOT","CROUTONS","BAGEL","BASE","TAXONOMIC",5.14970869478,1,0,0
88888888,"sextet_base",3,"CIGARETTES","ALCOHOL","LUNGS","OUTLET","SOCK","CARPET","CIGARETTES","ALCOHOL","BASE","TAXONOMIC",3.67752684467,1,0,0
88888888,"sextet_base",4,"PACKAGE","CRATE","DELIVERY","TROUT","CHILD","BILL","PACKAGE","CRATE","BASE","TAXONOMIC",3.84872536315,1,0,0
88888888,"sextet_base",5,"POLICE","FIREMAN","HANDCUFFS","CARAVAN","CRAB","LAUNDRY","POLICE","FIREMAN","BASE","TAXONOMIC",6.88687409507,1,0,0
88888888,"sextet_base",6,"SHAMPOO","BLEACH","SHOWER","TEAM","SAUCE","CIRCLE","SHAMPOO","BLEACH","BASE","TAXONOMIC",3.99930310575,1,0,0
88888888,"sextet_base",7,"CHAIR","SOFA","LEGS","BREAD","BALL","KEYBOARD","CHAIR","SOFA","BASE","TAXONOMIC",4.82844657917,1,0,0
88888888,"sextet_base",8,"BOTTLE","CAN","BABY","CLOCK","BERRY","BELL","BOTTLE","CAN","BASE","TAXONOMIC",6.91516103363,1,0,0
88888888,"sextet_base",9,"SPIDER","BEE","WEB","PEPPER","SHED","TOILET","SPIDER","BEE","BASE","TAXONOMIC",9.42817987269,1,0,0
88888888,"sextet_base",10,"COW_2","BUFFALO","FARM","SKY","SLIDE","CHALK","COW","BUFFALO","BASE","TAXONOMIC",30.0059042308,1,0,0
88888888,"sextet_base",11,"LAWNMOWER","SCISSORS","GRASS","BOMB","AUNT","INTERNET","LAWNMOWER","SCISSORS","BASE","TAXONOMIC",7.75331711536,1,0,0
88888888,"sextet_base",12,"FLY","ANT","WINGS","CEREAL","BUSINESS","CONCRETE","FLY","ANT","BASE","TAXONOMIC",3.31655501993,1,0,0
88888888,"sextet_base",13,"SHIP","CANOE","SAILOR","UMBRELLA","BANANA","CHAIR","SHIP","CANOE","BASE","TAXONOMIC",2.45377590694,1,0,0
88888888,"sextet_base",14,"TOOTHBRUSH","COMB","FLOSS","CAKE","CUP","GLASSES","TOOTHBRUSH","COMB","BASE","TAXONOMIC",2.08445426729,1,0,0
88888888,"sextet_base",15,"BISCUITS","TOAST","GRAVY","SNAIL","PELICAN","DANCE","BISCUITS","TOAST","BASE","TAXONOMIC",3.28248568298,1,0,0
88888888,"sextet_base",16,"SNOW","RAIN","SLED","CEMETARY","WORK","NOVEL","SNOW","RAIN","BASE","TAXONOMIC",2.09032837115,1,0,0
88888888,"sextet_base",17,"COMPUTER","TABLET","MOUSE","ATHLETE","COUCH","SALON","COMPUTER","TABLET","BASE","TAXONOMIC",107.971512435,1,0,0
88888888,"sextet_base",18,"BICYCLE","CAR","HELMET","FISH","BEER","BANK","BICYCLE","CAR","BASE","TAXONOMIC",5.78721198114,1,0,0
88888888,"sextet_base",19,"WAITRESS","STEWARDESS","RESTAURANT","SWAN","BEACH","CALCIUM","WAITRESS","STEWARDESS","BASE","TAXONOMIC",3.47925904766,1,0,0
88888888,"sextet_base",20,"OVEN","MICROWAVE","PAN","SCREEN","BASKETBALL","BOOT","OVEN","MICROWAVE","BASE","TAXONOMIC",12.6714094076,1,0,0
88888888,"sextet_base",21,"SHOE","GLOVE","FOOT","WALL","CARD","TIGER","SHOE","GLOVE","BASE","TAXONOMIC",5.117933976,1,0,0
88888888,"sextet_base",22,"MONKEY","BEAR","BANANA","AIRPLANE","HAMMER","PLUG","MONKEY","BEAR","BASE","TAXONOMIC",4.41192022897,1,0,0
88888888,"sextet_base",23,"CAR","BIKE","SEATBELT","SHRIMP","COTTON","BISCUIT","CAR","BIKE","BASE","TAXONOMIC",3.02043272974,1,0,0
88888888,"sextet_base",24,"PENGUIN","GOOSE","ICE","VOLCANO","HEAD","BRICK","PENGUIN","GOOSE","BASE","TAXONOMIC",5.95670882054,1,0,0
88888888,"sextet_base",25,"RECEPTIONIST","HOSTESS","TELEPHONE","PARK","HAND","STRING","RECEPTIONIST","HOSTESS","BASE","TAXONOMIC",3.96216213889,1,0,0
88888888,"sextet_base",26,"DOG","CAT","BONE","POND","HOOD","QUEEN","DOG","CAT","BASE","TAXONOMIC",4.0673533855,1,0,0
88888888,"sextet_base",27,"HAPPY","SAD","SMILE","ROOF","SEED","KEY","HAPPY","SAD","BASE","TAXONOMIC",2.07436503191,1,0,0
88888888,"sextet_base",28,"SAXOPHONE","HARP","JAZZ","SODA","HAIR","PILOT","SAXOPHONE","HARP","BASE","TAXONOMIC",2.22066937573,1,0,0
88888888,"sextet_base",29,"MILK","LEMONADE","COW","GUITAR","LEAF","WINDOW","MILK","LEMONADE","BASE","TAXONOMIC",2.54615423828,1,0,0
88888888,"sextet_base",30,"GARLIC","ONION","VAMPIRE","HOUSE","FOOT","CODE","GARLIC","ONION","BASE","TAXONOMIC",1.63250518357,1,0,0
88888888,"sextet_base",31,"BIRD","BAT","NEST","BONE","RAIN","BRACKET","BIRD","BAT","BASE","TAXONOMIC",2.08759177988,1,0,0
88888888,"sextet_base",32,"FOOTBALL","BASEBALL","QUARTERBACK","CLOUD","PLANT","NECKLACE","FOOTBALL","BASEBALL","BASE","TAXONOMIC",1.8880109759,1,0,0
88888888,"sextet_base",33,"ROCKET","MISSILE","ASTRONAUT","BUG","CHEESE","WATER","ROCKET","MISSILE","BASE","TAXONOMIC",2.45539184008,1,0,0
88888888,"sextet_base",34,"RIVER","LAKE","RAPIDS","GLASS","BUDGET","FEATHER","RIVER","LAKE","BASE","TAXONOMIC",2.1970415283,1,0,0
88888888,"sextet_base",35,"PENCIL","PEN","ERASER","FLUTE","MINT","SHEEP","PENCIL","PEN","BASE","TAXONOMIC",7.31857419154,1,0,0
88888888,"sextet_base",36,"CAMEL","ANTELOPE","DESERT","CORK","ENGINE","PAMPHLET","CAMEL","ANTELOPE","BASE","TAXONOMIC",27.9574974193,1,0,0
88888888,"sextet_base",37,"RABBI","PASTOR","TEMPLE","DRIVEWAY","GLOVES","APPLE","RABBI","PASTOR","BASE","TAXONOMIC",27.2264991165,1,0,0
88888888,"sextet_base",38,"SPOON","LADLE","CEREAL","LION","TREE","STEREO","SPOON","LADLE","BASE","TAXONOMIC",2.15399666131,1,0,0
88888888,"sextet_base",39,"NEEDLE","PIN","THREAD","WAX","HYDRANT","WRIST","NEEDLE","PIN","BASE","TAXONOMIC",1.611600684,1,0,0
88888888,"sextet_base",40,"SUBMARINE","AIRPLANE","OCEAN","SHEET","CROW","DOCTOR","SUBMARINE","AIRPLANE","BASE","TAXONOMIC",2.55700558797,1,0,0
88888888,"sextet_base",41,"SURGEON","BUTCHER","KIDNEY","PENGUIN","MOVIE","HOUSE","SURGEON","BUTCHER","BASE","TAXONOMIC",2.00272732135,1,0,0
88888888,"sextet_base",42,"CRIB","BED","BABY","FERRY","BOWL","PATIO","CRIB","BED","BASE","TAXONOMIC",1.22447464801,1,0,0
88888888,"sextet_base",43,"PANTS","DRESS","POCKET","ICE","TEETH","DOG","PANTS","DRESS","BASE","TAXONOMIC",1.40397133492,1,0,0
88888888,"sextet_base",44,"TRUCK","BUS","TRAILER","CLIMATE","CACTUS","CLUB","TRUCK","BUS","BASE","TAXONOMIC",6.5719479192,1,0,0
88888888,"sextet_base",45,"BEE","BUTTERFLY","HONEY","ASPHALT","COACH","PLIERS","BEE","BUTTERFLY","BASE","TAXONOMIC",2.34575934289,1,0,0
88888888,"sextet_base",46,"CITY","VILLAGE","AIRPORT","WHALE","NECK","CABINET","CITY","VILLAGE","BASE","TAXONOMIC",18.5776157686,1,0,0
88888888,"sextet_base",47,"BEER","JUICE","PARTY","SHOP","SNOW","WOUND","BEER","JUICE","BASE","TAXONOMIC",4.89702921268,1,0,0
88888888,"sextet_base",48,"ROBBERY","TREASON","BANK","STEW","TUB","SHORE","ROBBERY","TREASON","BASE","TAXONOMIC",12.6231194623,1,0,0
88888888,"sextet_base",49,"FIELD","COURT","GRASS","GAS","TOAD","SCHOOL","FIELD","COURT","BASE","TAXONOMIC",12.7623015842,1,0,0
88888888,"sextet_base",50,"CAKE","DONUT","CANDLE","BROCHURE","LAKE","DRUM","CAKE","DONUT","BASE","TAXONOMIC",33.5337985251,1,0,0
88888888,"sextet_base",51,"COOKIE","BISCUIT","CHOCOLATE","PAGE","WAVE","FUR","COOKIE","BISCUIT","BASE","TAXONOMIC",4.20692285383,1,0,0
88888888,"sextet_base",52,"COCONUT","ORANGE","BEACH","CYMBAL","SOCIETY","ROD","COCONUT","ORANGE","BASE","TAXONOMIC",2.74393238826,1,0,0
88888888,"sextet_base",53,"SILVER","GOLD","BULLET","STAIRS","BALLOON","LIBRARY","SILVER","GOLD","BASE","TAXONOMIC",3.35280707525,1,0,0
88888888,"sextet_base",54,"COW","PIG","GRASS","CHISEL","PARCEL","HOTEL","COW","PIG","BASE","TAXONOMIC",8.55817491235,1,0,0
88888888,"sextet_base",55,"CHISEL","KNIFE","SCULPTURE","HAMSTER","BOTTLE","MIRROR","CHISEL","KNIFE","BASE","TAXONOMIC",1.83639481058,1,0,0
88888888,"sextet_base",56,"CUP","BOWL","TEA","LAMP","PHONE","TRUCK","CUP","BOWL","BASE","TAXONOMIC",2.31703738356,1,0,0
88888888,"sextet_base",57,"CAPTAIN","PILOT","SHIP","EAR","BENCH","FREEZER","CAPTAIN","PILOT","BASE","TAXONOMIC",4.6659613857,1,0,0
88888888,"sextet_base",58,"CROWN","HAT","KING","SHOVEL","NOSE","TENT","CROWN","HAT","BASE","TAXONOMIC",2.77979345433,1,0,0
88888888,"sextet_base",59,"TORTILLA","BAGEL","BEANS","COLD","KNOB","SALESMAN","TORTILLA","BAGEL","BASE","TAXONOMIC",2.08037983859,1,0,0
88888888,"triad_rand",1,"CITY","VILLAGE","AIRPORT","WHALE","NECK","CABINET","AIRPORT","CITY","THEMATIC","BASE",19.9472691356,0,1,0
88888888,"triad_rand",2,"LAWNMOWER","SCISSORS","GRASS","BOMB","AUNT","INTERNET","LAWNMOWER","GRASS","BASE","THEMATIC",5.20234189415,0,1,0
88888888,"triad_rand",3,"CIGARETTES","ALCOHOL","LUNGS","OUTLET","SOCK","CARPET","CIGARETTES","LUNGS","BASE","THEMATIC",3.12099732971,0,1,0
88888888,"triad_rand",4,"CAR","BIKE","SEATBELT","SHRIMP","COTTON","BISCUIT","CAR","SEATBELT","BASE","THEMATIC",5.13631376578,0,1,0
88888888,"triad_rand",5,"RABBI","PASTOR","TEMPLE","DRIVEWAY","GLOVES","APPLE","RABBI","TEMPLE","BASE","THEMATIC",3.21930968808,0,1,0
88888888,"triad_rand",6,"ROCKET","MISSILE","ASTRONAUT","BUG","CHEESE","WATER","ASTRONAUT","ROCKET","THEMATIC","BASE",3.11791576771,0,1,0
88888888,"triad_rand",7,"CAPTAIN","PILOT","SHIP","EAR","BENCH","FREEZER","CAPTAIN","SHIP","BASE","THEMATIC",4.95701604942,0,1,0
88888888,"triad_rand",8,"CAKE","DONUT","CANDLE","BROCHURE","LAKE","DRUM","CANDLE","CAKE","THEMATIC","BASE",46.0854170085,0,1,0
88888888,"triad_rand",9,"RECEPTIONIST","HOSTESS","TELEPHONE","PARK","HAND","STRING","RECEPTIONIST","TELEPHONE","BASE","THEMATIC",4.71383120818,0,1,0
88888888,"triad_rand",10,"FOOTBALL","BASEBALL","QUARTERBACK","CLOUD","PLANT","NECKLACE","FOOTBALL","QUARTERBACK","BASE","THEMATIC",2.35033467505,0,1,0
88888888,"triad_rand",11,"BEE","BUTTERFLY","HONEY","ASPHALT","COACH","PLIERS","BEE","HONEY","BASE","THEMATIC",2.13100677822,0,1,0
88888888,"triad_rand",12,"FLY","ANT","WINGS","CEREAL","BUSINESS","CONCRETE","WINGS","FLY","THEMATIC","BASE",3.01825630199,0,1,0
88888888,"triad_rand",13,"COW_2","BUFFALO","FARM","SKY","SLIDE","CHALK","COW","FARM","BASE","THEMATIC",2.80260356935,0,1,0
88888888,"triad_rand",14,"SAXOPHONE","HARP","JAZZ","SODA","HAIR","PILOT","JAZZ","SAXOPHONE","THEMATIC","BASE",1.85691229347,0,1,0
88888888,"triad_rand",15,"PACKAGE","CRATE","DELIVERY","TROUT","CHILD","BILL","DELIVERY","PACKAGE","THEMATIC","BASE",18.2121874648,0,1,0
88888888,"triad_rand",16,"ROBBERY","TREASON","BANK","STEW","TUB","SHORE","ROBBERY","BANK","BASE","THEMATIC",5.02964795101,0,1,0
88888888,"triad_rand",17,"BEER","JUICE","PARTY","SHOP","SNOW","WOUND","PARTY","BEER","THEMATIC","BASE",20.5355750252,0,1,0
88888888,"triad_rand",18,"BICYCLE","CAR","HELMET","FISH","BEER","BANK","BICYCLE","HELMET","BASE","THEMATIC",2.60685352888,0,1,0
88888888,"triad_rand",19,"CROUTONS","BAGEL","SALAD","METAL","SHARK","SPOT","CROUTONS","SALAD","BASE","THEMATIC",2.63847959926,0,1,0
88888888,"triad_rand",20,"CUP","BOWL","TEA","LAMP","PHONE","TRUCK","CUP","TEA","BASE","THEMATIC",2.69884881657,0,1,0
88888888,"triad_rand",21,"SPIDER","BEE","WEB","PEPPER","SHED","TOILET","SPIDER","WEB","BASE","THEMATIC",2.03024188383,0,1,0
88888888,"triad_rand",22,"PANDA","RACOON","BAMBOO","WHIP","FENDER","LAW","PANDA","BAMBOO","BASE","THEMATIC",1.62563490169,0,1,0
88888888,"triad_rand",23,"COMPUTER","TABLET","MOUSE","ATHLETE","COUCH","SALON","COMPUTER","MOUSE","BASE","THEMATIC",3.38168198755,0,1,0
88888888,"triad_rand",24,"OVEN","MICROWAVE","PAN","SCREEN","BASKETBALL","BOOT","PAN","OVEN","THEMATIC","BASE",3.56124190707,0,1,0
88888888,"triad_rand",25,"FIELD","COURT","GRASS","GAS","TOAD","SCHOOL","FIELD","GRASS","BASE","THEMATIC",2.56445920747,0,1,0
88888888,"triad_rand",26,"MILK","LEMONADE","COW","GUITAR","LEAF","WINDOW","MILK","COW","BASE","THEMATIC",1.62747761514,0,1,0
88888888,"triad_rand",27,"RIVER","LAKE","RAPIDS","GLASS","BUDGET","FEATHER","RIVER","RAPIDS","BASE","THEMATIC",4.56398611423,0,1,0
88888888,"triad_rand",28,"TOOTHBRUSH","COMB","FLOSS","CAKE","CUP","GLASSES","TOOTHBRUSH","FLOSS","BASE","THEMATIC",2.03936573071,0,1,0
88888888,"triad_rand",29,"CHISEL","KNIFE","SCULPTURE","HAMSTER","BOTTLE","MIRROR","CHISEL","SCULPTURE","BASE","THEMATIC",2.07318378845,0,1,0
88888888,"triad_rand",30,"TORTILLA","BAGEL","BEANS","COLD","KNOB","SALESMAN","BEANS","TORTILLA","THEMATIC","BASE",2.59503712226,0,1,0
88888888,"triad_rand",31,"SUBMARINE","AIRPLANE","OCEAN","SHEET","CROW","DOCTOR","OCEAN","SUBMARINE","THEMATIC","BASE",2.00108391,0,1,0
88888888,"triad_rand",32,"BISCUITS","TOAST","GRAVY","SNAIL","PELICAN","DANCE","BISCUITS","GRAVY","BASE","THEMATIC",2.90969248628,0,1,0
88888888,"triad_rand",33,"WAITRESS","STEWARDESS","RESTAURANT","SWAN","BEACH","CALCIUM","WAITRESS","RESTAURANT","BASE","THEMATIC",5.78970523877,0,1,0
88888888,"triad_rand",34,"SHAMPOO","BLEACH","SHOWER","TEAM","SAUCE","CIRCLE","SHAMPOO","SHOWER","BASE","THEMATIC",30.766096924,0,1,0
88888888,"triad_rand",35,"SURGEON","BUTCHER","KIDNEY","PENGUIN","MOVIE","HOUSE","SURGEON","KIDNEY","BASE","THEMATIC",2.4437058731,0,1,0
88888888,"triad_rand",36,"COOKIE","BISCUIT","CHOCOLATE","PAGE","WAVE","FUR","CHOCOLATE","COOKIE","THEMATIC","BASE",2.99175910559,0,1,0
88888888,"triad_rand",37,"CAMEL","ANTELOPE","DESERT","CORK","ENGINE","PAMPHLET","DESERT","CAMEL","THEMATIC","BASE",2.63704641536,0,1,0
88888888,"triad_rand",38,"PENGUIN","GOOSE","ICE","VOLCANO","HEAD","BRICK","PENGUIN","ICE","BASE","THEMATIC",2.69429699099,0,1,0
88888888,"triad_rand",39,"SHIP","CANOE","SAILOR","UMBRELLA","BANANA","CHAIR","SAILOR","SHIP","THEMATIC","BASE",2.49120059796,0,1,0
88888888,"triad_rand",40,"DOG","CAT","BONE","POND","HOOD","QUEEN","DOG","BONE","BASE","THEMATIC",1.45875547035,0,1,0
88888888,"triad_rand",41,"CHAIR","SOFA","LEGS","BREAD","BALL","KEYBOARD","CHAIR","LEGS","BASE","THEMATIC",17.1452253992,0,1,0
88888888,"triad_rand",42,"POLICE","FIREMAN","HANDCUFFS","CARAVAN","CRAB","LAUNDRY","POLICE","HANDCUFFS","BASE","THEMATIC",1.51770706335,0,1,0
88888888,"triad_rand",43,"TRUCK","BUS","TRAILER","CLIMATE","CACTUS","CLUB","TRUCK","TRAILER","BASE","THEMATIC",5.20550092543,0,1,0
88888888,"triad_rand",44,"BOTTLE","CAN","BABY","CLOCK","BERRY","BELL","BOTTLE","BABY","BASE","THEMATIC",8.02874745149,0,1,0
88888888,"triad_rand",45,"SILVER","GOLD","BULLET","STAIRS","BALLOON","LIBRARY","SILVER","BULLET","BASE","THEMATIC",2.11686430173,0,1,0
88888888,"triad_rand",46,"SHOE","GLOVE","FOOT","WALL","CARD","TIGER","FOOT","SHOE","THEMATIC","BASE",4.94910158589,0,1,0
88888888,"triad_rand",47,"CRIB","BED","BABY","FERRY","BOWL","PATIO","BABY","CRIB","THEMATIC","BASE",7.24651370943,0,1,0
88888888,"triad_rand",48,"SNOW","RAIN","SLED","CEMETARY","WORK","NOVEL","SNOW","SLED","BASE","THEMATIC",3.73876345484,0,1,0
88888888,"triad_rand",49,"COCONUT","ORANGE","BEACH","CYMBAL","SOCIETY","ROD","BEACH","COCONUT","THEMATIC","BASE",2.53313407581,0,1,0
88888888,"triad_rand",50,"NEEDLE","PIN","THREAD","WAX","HYDRANT","WRIST","THREAD","NEEDLE","THEMATIC","BASE",6.39545400115,0,1,0
88888888,"triad_rand",51,"GARLIC","ONION","VAMPIRE","HOUSE","FOOT","CODE","VAMPIRE","GARLIC","THEMATIC","BASE",3.26483225217,0,1,0
88888888,"triad_rand",52,"SPOON","LADLE","CEREAL","LION","TREE","STEREO","CEREAL","SPOON","THEMATIC","BASE",1.8510375279,0,1,0
88888888,"triad_rand",53,"PANTS","DRESS","POCKET","ICE","TEETH","DOG","PANTS","POCKET","BASE","THEMATIC",2.35263392748,0,1,0
88888888,"triad_rand",54,"MONKEY","BEAR","BANANA","AIRPLANE","HAMMER","PLUG","MONKEY","BANANA","BASE","THEMATIC",2.29102089489,0,1,0
88888888,"triad_rand",55,"PENCIL","PEN","ERASER","FLUTE","MINT","SHEEP","PENCIL","ERASER","BASE","THEMATIC",3.78963074833,0,1,0
88888888,"triad_rand",56,"BIRD","BAT","NEST","BONE","RAIN","BRACKET","BIRD","NEST","BASE","THEMATIC",2.75341014471,0,1,0
88888888,"triad_rand",57,"COW","PIG","GRASS","CHISEL","PARCEL","HOTEL","GRASS","COW","THEMATIC","BASE",3.15240125451,0,1,0
88888888,"triad_rand",58,"CROWN","HAT","KING","SHOVEL","NOSE","TENT","KING","CROWN","THEMATIC","BASE",1.96835307218,0,1,0
88888888,"triad_rand",59,"HAPPY","SAD","SMILE","ROOF","SEED","KEY","HAPPY","SMILE","BASE","THEMATIC",1.92438717978,0,1,0
88888888,"triad_goes",1,"PACKAGE","CRATE","DELIVERY","TROUT","CHILD","BILL","PACKAGE","DELIVERY","BASE","THEMATIC",12.7365228012,0,1,0
88888888,"triad_goes",2,"SHIP","CANOE","SAILOR","UMBRELLA","BANANA","CHAIR","SHIP","CANOE","BASE","TAXONOMIC",5.63183179451,1,0,0
88888888,"triad_goes",3,"COCONUT","ORANGE","BEACH","CYMBAL","SOCIETY","ROD","COCONUT","ORANGE","BASE","TAXONOMIC",1.33534897352,1,0,0
88888888,"triad_goes",4,"COMPUTER","TABLET","MOUSE","ATHLETE","COUCH","SALON","COMPUTER","TABLET","BASE","TAXONOMIC",31.715474288,1,0,0
88888888,"triad_goes",5,"PENCIL","PEN","ERASER","FLUTE","MINT","SHEEP","PENCIL","PEN","BASE","TAXONOMIC",8.43699351093,1,0,0
88888888,"triad_goes",6,"CUP","BOWL","TEA","LAMP","PHONE","TRUCK","CUP","BOWL","BASE","TAXONOMIC",2.15002552513,1,0,0
88888888,"triad_goes",7,"RIVER","LAKE","RAPIDS","GLASS","BUDGET","FEATHER","RIVER","LAKE","BASE","TAXONOMIC",1.57432762161,1,0,0
88888888,"triad_goes",8,"CAMEL","ANTELOPE","DESERT","CORK","ENGINE","PAMPHLET","CAMEL","ANTELOPE","BASE","TAXONOMIC",2.0456947186,1,0,0
88888888,"triad_goes",9,"GARLIC","ONION","VAMPIRE","HOUSE","FOOT","CODE","GARLIC","ONION","BASE","TAXONOMIC",4.00423598941,1,0,0
88888888,"triad_goes",10,"COW","PIG","GRASS","CHISEL","PARCEL","HOTEL","COW","PIG","BASE","TAXONOMIC",7.10152634652,1,0,0
88888888,"triad_goes",11,"SNOW","RAIN","SLED","CEMETARY","WORK","NOVEL","SNOW","RAIN","BASE","TAXONOMIC",5.02843724284,1,0,0
88888888,"triad_goes",12,"PENGUIN","GOOSE","ICE","VOLCANO","HEAD","BRICK","PENGUIN","GOOSE","BASE","TAXONOMIC",12.1230701343,1,0,0
88888888,"triad_goes",13,"CRIB","BED","BABY","FERRY","BOWL","PATIO","CRIB","BED","BASE","TAXONOMIC",1.86098473566,1,0,0
88888888,"triad_goes",14,"ROBBERY","TREASON","BANK","STEW","TUB","SHORE","ROBBERY","TREASON","BASE","TAXONOMIC",1.73739648378,1,0,0
88888888,"triad_goes",15,"HAPPY","SAD","SMILE","ROOF","SEED","KEY","HAPPY","SAD","BASE","TAXONOMIC",1.64766601752,1,0,0
88888888,"triad_goes",16,"BICYCLE","CAR","HELMET","FISH","BEER","BANK","BICYCLE","CAR","BASE","TAXONOMIC",1.36421163613,1,0,0
88888888,"triad_goes",17,"SHOE","GLOVE","FOOT","WALL","CARD","TIGER","SHOE","GLOVE","BASE","TAXONOMIC",2.02781020338,1,0,0
88888888,"triad_goes",18,"SURGEON","BUTCHER","KIDNEY","PENGUIN","MOVIE","HOUSE","SURGEON","BUTCHER","BASE","TAXONOMIC",0.839749502484,1,0,0
88888888,"triad_goes",19,"TRUCK","BUS","TRAILER","CLIMATE","CACTUS","CLUB","TRUCK","BUS","BASE","TAXONOMIC",1.96551947901,1,0,0
88888888,"triad_goes",20,"CAPTAIN","PILOT","SHIP","EAR","BENCH","FREEZER","CAPTAIN","PILOT","BASE","TAXONOMIC",1.25979077956,1,0,0
88888888,"triad_goes",21,"TOOTHBRUSH","COMB","FLOSS","CAKE","CUP","GLASSES","TOOTHBRUSH","COMB","BASE","TAXONOMIC",1.54701037519,1,0,0
88888888,"triad_goes",22,"MONKEY","BEAR","BANANA","AIRPLANE","HAMMER","PLUG","MONKEY","BEAR","BASE","TAXONOMIC",6.40605109232,1,0,0
88888888,"triad_goes",23,"FOOTBALL","BASEBALL","QUARTERBACK","CLOUD","PLANT","NECKLACE","FOOTBALL","BASEBALL","BASE","TAXONOMIC",4.2259320002,1,0,0
88888888,"triad_goes",24,"BEE","BUTTERFLY","HONEY","ASPHALT","COACH","PLIERS","BEE","BUTTERFLY","BASE","TAXONOMIC",1.47685981262,1,0,0
88888888,"triad_goes",25,"BEER","JUICE","PARTY","SHOP","SNOW","WOUND","BEER","JUICE","BASE","TAXONOMIC",0.901873700786,1,0,0
88888888,"triad_goes",26,"RABBI","PASTOR","TEMPLE","DRIVEWAY","GLOVES","APPLE","RABBI","PASTOR","BASE","TAXONOMIC",4.60563686071,1,0,0
88888888,"triad_goes",27,"BOTTLE","CAN","BABY","CLOCK","BERRY","BELL","BOTTLE","CAN","BASE","TAXONOMIC",3.2979434845,1,0,0
88888888,"triad_goes",28,"FLY","ANT","WINGS","CEREAL","BUSINESS","CONCRETE","FLY","ANT","BASE","TAXONOMIC",4.23611558974,1,0,0
88888888,"triad_goes",29,"SUBMARINE","AIRPLANE","OCEAN","SHEET","CROW","DOCTOR","SUBMARINE","AIRPLANE","BASE","TAXONOMIC",13.6148126861,1,0,0
88888888,"triad_goes",30,"WAITRESS","STEWARDESS","RESTAURANT","SWAN","BEACH","CALCIUM","WAITRESS","STEWARDESS","BASE","TAXONOMIC",2.73511179816,1,0,0
88888888,"triad_goes",31,"SPIDER","BEE","WEB","PEPPER","SHED","TOILET","SPIDER","BEE","BASE","TAXONOMIC",1.03160190256,1,0,0
88888888,"triad_goes",32,"CROUTONS","BAGEL","SALAD","METAL","SHARK","SPOT","CROUTONS","BAGEL","BASE","TAXONOMIC",1.24730065372,1,0,0
88888888,"triad_goes",33,"MILK","LEMONADE","COW","GUITAR","LEAF","WINDOW","MILK","LEMONADE","BASE","TAXONOMIC",0.955514665693,1,0,0
88888888,"triad_goes",34,"NEEDLE","PIN","THREAD","WAX","HYDRANT","WRIST","NEEDLE","PIN","BASE","TAXONOMIC",1.10321941739,1,0,0
88888888,"triad_goes",35,"CITY","VILLAGE","AIRPORT","WHALE","NECK","CABINET","CITY","VILLAGE","BASE","TAXONOMIC",1.1665265155,1,0,0
88888888,"triad_goes",36,"SPOON","LADLE","CEREAL","LION","TREE","STEREO","SPOON","LADLE","BASE","TAXONOMIC",0.996850569732,1,0,0
88888888,"triad_goes",37,"COW_2","BUFFALO","FARM","SKY","SLIDE","CHALK","COW","BUFFALO","BASE","TAXONOMIC",1.30631448794,1,0,0
88888888,"triad_goes",38,"FIELD","COURT","GRASS","GAS","TOAD","SCHOOL","FIELD","COURT","BASE","TAXONOMIC",1.8439616547,1,0,0
88888888,"triad_goes",39,"LAWNMOWER","SCISSORS","GRASS","BOMB","AUNT","INTERNET","LAWNMOWER","SCISSORS","BASE","TAXONOMIC",4.28839156916,1,0,0
88888888,"triad_goes",40,"CHISEL","KNIFE","SCULPTURE","HAMSTER","BOTTLE","MIRROR","CHISEL","KNIFE","BASE","TAXONOMIC",1.15649885824,1,0,0
88888888,"triad_goes",41,"CROWN","HAT","KING","SHOVEL","NOSE","TENT","CROWN","HAT","BASE","TAXONOMIC",2.05273483694,1,0,0
88888888,"triad_goes",42,"PANDA","RACOON","BAMBOO","WHIP","FENDER","LAW","PANDA","RACOON","BASE","TAXONOMIC",1.72111598356,1,0,0
88888888,"triad_goes",43,"CHAIR","SOFA","LEGS","BREAD","BALL","KEYBOARD","CHAIR","SOFA","BASE","TAXONOMIC",3.94771508174,1,0,0
88888888,"triad_goes",44,"TORTILLA","BAGEL","BEANS","COLD","KNOB","SALESMAN","TORTILLA","BAGEL","BASE","TAXONOMIC",0.951022431254,1,0,0
88888888,"triad_goes",45,"OVEN","MICROWAVE","PAN","SCREEN","BASKETBALL","BOOT","OVEN","MICROWAVE","BASE","TAXONOMIC",1.32056356687,1,0,0
88888888,"triad_goes",46,"PANTS","DRESS","POCKET","ICE","TEETH","DOG","PANTS","DRESS","BASE","TAXONOMIC",4.08426158736,1,0,0
88888888,"triad_goes",47,"BISCUITS","TOAST","GRAVY","SNAIL","PELICAN","DANCE","BISCUITS","TOAST","BASE","TAXONOMIC",14.973334291,1,0,0
88888888,"triad_goes",48,"CAKE","DONUT","CANDLE","BROCHURE","LAKE","DRUM","CAKE","DONUT","BASE","TAXONOMIC",1.54730899679,1,0,0
88888888,"triad_goes",49,"SILVER","GOLD","BULLET","STAIRS","BALLOON","LIBRARY","SILVER","GOLD","BASE","TAXONOMIC",8.34338990366,1,0,0
88888888,"triad_goes",50,"RECEPTIONIST","HOSTESS","TELEPHONE","PARK","HAND","STRING","RECEPTIONIST","HOSTESS","BASE","TAXONOMIC",2.76039795484,1,0,0
88888888,"triad_goes",51,"ROCKET","MISSILE","ASTRONAUT","BUG","CHEESE","WATER","ROCKET","MISSILE","BASE","TAXONOMIC",18.6856647772,1,0,0
88888888,"triad_goes",52,"CIGARETTES","ALCOHOL","LUNGS","OUTLET","SOCK","CARPET","CIGARETTES","ALCOHOL","BASE","TAXONOMIC",2.07858546078,1,0,0
88888888,"triad_goes",53,"SHAMPOO","BLEACH","SHOWER","TEAM","SAUCE","CIRCLE","SHAMPOO","BLEACH","BASE","TAXONOMIC",4.16523436457,1,0,0
88888888,"triad_goes",54,"BIRD","BAT","NEST","BONE","RAIN","BRACKET","BIRD","BAT","BASE","TAXONOMIC",2.30924111046,1,0,0
88888888,"triad_goes",55,"SAXOPHONE","HARP","JAZZ","SODA","HAIR","PILOT","SAXOPHONE","HARP","BASE","TAXONOMIC",2.45039373683,1,0,0
88888888,"triad_goes",56,"COOKIE","BISCUIT","CHOCOLATE","PAGE","WAVE","FUR","COOKIE","BISCUIT","BASE","TAXONOMIC",2.8810046264,1,0,0
88888888,"triad_goes",57,"DOG","CAT","BONE","POND","HOOD","QUEEN","DOG","CAT","BASE","TAXONOMIC",7.63577545248,1,0,0
88888888,"triad_goes",58,"CAR","BIKE","SEATBELT","SHRIMP","COTTON","BISCUIT","CAR","BIKE","BASE","TAXONOMIC",0.937867855188,1,0,0
88888888,"triad_goes",59,"POLICE","FIREMAN","HANDCUFFS","CARAVAN","CRAB","LAUNDRY","POLICE","FIREMAN","BASE","TAXONOMIC",1.28324581077,1,0,0
99999999,"sextet_rand",1,"SUBMARINE","AIRPLANE","OCEAN","SHEET","CROW","DOCTOR","SUBMARINE","AIRPLANE","BASE","TAXONOMIC",28.0437169722,1,0,0
99999999,"sextet_rand",2,"FLY","ANT","WINGS","CEREAL","BUSINESS","CONCRETE","ANT","FLY","TAXONOMIC","BASE",22.1655206345,1,0,0
99999999,"sextet_rand",3,"COCONUT","ORANGE","BEACH","CYMBAL","SOCIETY","ROD","ORANGE","COCONUT","TAXONOMIC","BASE",16.4474982503,1,0,0
99999999,"sextet_rand",4,"CRIB","BED","BABY","FERRY","BOWL","PATIO","CRIB","BED","BASE","TAXONOMIC",14.9952052035,1,0,0
99999999,"sextet_rand",5,"RABBI","PASTOR","TEMPLE","DRIVEWAY","GLOVES","APPLE","RABBI","PASTOR","BASE","TAXONOMIC",26.769766991,1,0,0
99999999,"sextet_rand",6,"TORTILLA","BAGEL","BEANS","COLD","KNOB","SALESMAN","TORTILLA","BAGEL","BASE","TAXONOMIC",44.2995097605,1,0,0
99999999,"sextet_rand",7,"SURGEON","BUTCHER","KIDNEY","PENGUIN","MOVIE","HOUSE","SURGEON","BUTCHER","BASE","TAXONOMIC",26.3087186315,1,0,0
99999999,"sextet_rand",8,"DOG","CAT","BONE","POND","HOOD","QUEEN","CAT","DOG","TAXONOMIC","BASE",7.04887494585,1,0,0
99999999,"sextet_rand",9,"PANDA","RACOON","BAMBOO","WHIP","FENDER","LAW","PANDA","RACOON","BASE","TAXONOMIC",52.3797136028,1,0,0
99999999,"sextet_rand",10,"PENGUIN","GOOSE","ICE","VOLCANO","HEAD","BRICK","PENGUIN","GOOSE","BASE","TAXONOMIC",10.2416603374,1,0,0
99999999,"sextet_rand",11,"CHISEL","KNIFE","SCULPTURE","HAMSTER","BOTTLE","MIRROR","CHISEL","KNIFE","BASE","TAXONOMIC",19.2357081422,1,0,0
99999999,"sextet_rand",12,"FIELD","COURT","GRASS","GAS","TOAD","SCHOOL","COURT","FIELD","TAXONOMIC","BASE",7.76196911465,1,0,0
99999999,"sextet_rand",13,"POLICE","FIREMAN","HANDCUFFS","CARAVAN","CRAB","LAUNDRY","FIREMAN","POLICE","TAXONOMIC","BASE",12.111222201,1,0,0
99999999,"sextet_rand",14,"CROWN","HAT","KING","SHOVEL","NOSE","TENT","CROWN","HAT","BASE","TAXONOMIC",19.5965468059,1,0,0
99999999,"sextet_rand",15,"COW","PIG","GRASS","CHISEL","PARCEL","HOTEL","COW","PIG","BASE","TAXONOMIC",12.7134695947,1,0,0
99999999,"sextet_rand",16,"COMPUTER","TABLET","MOUSE","ATHLETE","COUCH","SALON","TABLET","COMPUTER","TAXONOMIC","BASE",12.5509964027,1,0,0
99999999,"sextet_rand",17,"BIRD","BAT","NEST","BONE","RAIN","BRACKET","BIRD","BAT","BASE","TAXONOMIC",31.1534891143,1,0,0
99999999,"sextet_rand",18,"TRUCK","BUS","TRAILER","CLIMATE","CACTUS","CLUB","BUS","TRUCK","TAXONOMIC","BASE",21.6301047551,1,0,0
99999999,"sextet_rand",19,"CAKE","DONUT","CANDLE","BROCHURE","LAKE","DRUM","DONUT","CAKE","TAXONOMIC","BASE",5.26395384222,1,0,0
99999999,"sextet_rand",20,"SHOE","GLOVE","FOOT","WALL","CARD","TIGER","SHOE","GLOVE","BASE","TAXONOMIC",14.4212141037,1,0,0
99999999,"sextet_rand",21,"PACKAGE","CRATE","DELIVERY","TROUT","CHILD","BILL","PACKAGE","CRATE","BASE","TAXONOMIC",9.32918102108,1,0,0
99999999,"sextet_rand",22,"BEE","BUTTERFLY","HONEY","ASPHALT","COACH","PLIERS","BEE","BUTTERFLY","BASE","TAXONOMIC",40.4628913919,1,0,0
99999999,"sextet_rand",23,"SPIDER","BEE","WEB","PEPPER","SHED","TOILET","BEE","SPIDER","TAXONOMIC","BASE",15.9478650689,1,0,0
99999999,"sextet_rand",24,"COW_2","BUFFALO","FARM","SKY","SLIDE","CHALK","BUFFALO","COW","TAXONOMIC","BASE",10.200621672,1,0,0
99999999,"sextet_rand",25,"MILK","LEMONADE","COW","GUITAR","LEAF","WINDOW","LEMONADE","MILK","TAXONOMIC","BASE",8.32654310483,1,0,0
99999999,"sextet_rand",26,"GARLIC","ONION","VAMPIRE","HOUSE","FOOT","CODE","GARLIC","ONION","BASE","TAXONOMIC",85.3800148708,1,0,0
99999999,"sextet_rand",27,"FOOTBALL","BASEBALL","QUARTERBACK","CLOUD","PLANT","NECKLACE","BASEBALL","FOOTBALL","TAXONOMIC","BASE",7.43984140735,1,0,0
99999999,"sextet_rand",28,"OVEN","MICROWAVE","PAN","SCREEN","BASKETBALL","BOOT","MICROWAVE","OVEN","TAXONOMIC","BASE",8.15392578673,1,0,0
99999999,"sextet_rand",29,"PANTS","DRESS","POCKET","ICE","TEETH","DOG","DRESS","PANTS","TAXONOMIC","BASE",6.99831687193,1,0,0
99999999,"sextet_rand",30,"CROUTONS","BAGEL","SALAD","METAL","SHARK","SPOT","BAGEL","CROUTONS","TAXONOMIC","BASE",11.6159934918,1,0,0
99999999,"sextet_rand",31,"MONKEY","BEAR","BANANA","AIRPLANE","HAMMER","PLUG","MONKEY","BEAR","BASE","TAXONOMIC",7.02033360628,1,0,0
99999999,"sextet_rand",32,"SAXOPHONE","HARP","JAZZ","SODA","HAIR","PILOT","HARP","SAXOPHONE","TAXONOMIC","BASE",7.11668409128,1,0,0
99999999,"sextet_rand",33,"BOTTLE","CAN","BABY","CLOCK","BERRY","BELL","CAN","BOTTLE","TAXONOMIC","BASE",6.48845779197,1,0,0
99999999,"sextet_rand",34,"CITY","VILLAGE","AIRPORT","WHALE","NECK","CABINET","CITY","VILLAGE","BASE","TAXONOMIC",11.6477885274,1,0,0
99999999,"sextet_rand",35,"SNOW","RAIN","SLED","CEMETARY","WORK","NOVEL","RAIN","SNOW","TAXONOMIC","BASE",6.69431589963,1,0,0
99999999,"sextet_rand",36,"SHIP","CANOE","SAILOR","UMBRELLA","BANANA","CHAIR","SHIP","CANOE","BASE","TAXONOMIC",7.19844260998,1,0,0
99999999,"sextet_rand",37,"RIVER","LAKE","RAPIDS","GLASS","BUDGET","FEATHER","LAKE","RIVER","TAXONOMIC","BASE",8.56074225809,1,0,0
99999999,"sextet_rand",38,"LAWNMOWER","SCISSORS","GRASS","BOMB","AUNT","INTERNET","SCISSORS","LAWNMOWER","TAXONOMIC","BASE",7.25906237448,1,0,0
99999999,"sextet_rand",39,"ROCKET","MISSILE","ASTRONAUT","BUG","CHEESE","WATER","MISSILE","ROCKET","TAXONOMIC","BASE",10.4843386966,1,0,0
99999999,"sextet_rand",40,"ROBBERY","TREASON","BANK","STEW","TUB","SHORE","TREASON","ROBBERY","TAXONOMIC","BASE",6.38119014772,1,0,0
99999999,"sextet_rand",41,"WAITRESS","STEWARDESS","RESTAURANT","SWAN","BEACH","CALCIUM","WAITRESS","STEWARDESS","BASE","TAXONOMIC",11.5724715171,1,0,0
99999999,"sextet_rand",42,"SILVER","GOLD","BULLET","STAIRS","BALLOON","LIBRARY","SILVER","GOLD","BASE","TAXONOMIC",5.79677087069,1,0,0
99999999,"sextet_rand",43,"COOKIE","BISCUIT","CHOCOLATE","PAGE","WAVE","FUR","COOKIE","BISCUIT","BASE","TAXONOMIC",6.73350027809,1,0,0
99999999,"sextet_rand",44,"TOOTHBRUSH","COMB","FLOSS","CAKE","CUP","GLASSES","TOOTHBRUSH","COMB","BASE","TAXONOMIC",8.72911566868,1,0,0
99999999,"sextet_rand",45,"RECEPTIONIST","HOSTESS","TELEPHONE","PARK","HAND","STRING","RECEPTIONIST","HOSTESS","BASE","TAXONOMIC",13.7802696582,1,0,0
99999999,"sextet_rand",46,"CAR","BIKE","SEATBELT","SHRIMP","COTTON","BISCUIT","BIKE","CAR","TAXONOMIC","BASE",8.57490980159,1,0,0
99999999,"sextet_rand",47,"PENCIL","PEN","ERASER","FLUTE","MINT","SHEEP","PENCIL","PEN","BASE","TAXONOMIC",10.9911860884,1,0,0
99999999,"sextet_rand",48,"CAMEL","ANTELOPE","DESERT","CORK","ENGINE","PAMPHLET","CAMEL","ANTELOPE","BASE","TAXONOMIC",25.2725333595,1,0,0
99999999,"sextet_rand",49,"BEER","JUICE","PARTY","SHOP","SNOW","WOUND","JUICE","BEER","TAXONOMIC","BASE",5.92120814417,1,0,0
99999999,"sextet_rand",50,"BISCUITS","TOAST","GRAVY","SNAIL","PELICAN","DANCE","TOAST","BISCUITS","TAXONOMIC","BASE",9.2667910587,1,0,0
99999999,"sextet_rand",51,"NEEDLE","PIN","THREAD","WAX","HYDRANT","WRIST","PIN","NEEDLE","TAXONOMIC","BASE",27.631516411,1,0,0
99999999,"sextet_rand",52,"CHAIR","SOFA","LEGS","BREAD","BALL","KEYBOARD","CHAIR","SOFA","BASE","TAXONOMIC",3.65076909401,1,0,0
99999999,"sextet_rand",53,"HAPPY","SAD","SMILE","ROOF","SEED","KEY","HAPPY","SAD","BASE","TAXONOMIC",5.93233652227,1,0,0
99999999,"sextet_rand",54,"CUP","BOWL","TEA","LAMP","PHONE","TRUCK","CUP","BOWL","BASE","TAXONOMIC",9.50635311427,1,0,0
99999999,"sextet_rand",55,"BICYCLE","CAR","HELMET","FISH","BEER","BANK","BICYCLE","CAR","BASE","TAXONOMIC",5.70344034815,1,0,0
99999999,"sextet_rand",56,"CAPTAIN","PILOT","SHIP","EAR","BENCH","FREEZER","CAPTAIN","PILOT","BASE","TAXONOMIC",13.1457111016,1,0,0
99999999,"sextet_rand",57,"SHAMPOO","BLEACH","SHOWER","TEAM","SAUCE","CIRCLE","SHAMPOO","SAUCE","BASE","UNRELATED",12.1610307475,0,0,1
99999999,"sextet_rand",58,"CIGARETTES","ALCOHOL","LUNGS","OUTLET","SOCK","CARPET","SOCK","CARPET","UNRELATED","UNRELATED",9.96448612632,0,0,1
99999999,"sextet_rand",59,"SPOON","LADLE","CEREAL","LION","TREE","STEREO","LADLE","SPOON","TAXONOMIC","BASE",5.34888097178,1,0,0
99999999,"sextet_base",1,"BICYCLE","CAR","HELMET","FISH","BEER","BANK","BICYCLE","HELMET","BASE","THEMATIC",24.5716911997,0,1,0
99999999,"sextet_base",2,"CROUTONS","BAGEL","SALAD","METAL","SHARK","SPOT","CROUTONS","SALAD","BASE","THEMATIC",15.7304018517,0,1,0
99999999,"sextet_base",3,"TORTILLA","BAGEL","BEANS","COLD","KNOB","SALESMAN","TORTILLA","BEANS","BASE","THEMATIC",11.7097146697,0,1,0
99999999,"sextet_base",4,"WAITRESS","STEWARDESS","RESTAURANT","SWAN","BEACH","CALCIUM","WAITRESS","RESTAURANT","BASE","THEMATIC",10.3292641179,0,1,0
99999999,"sextet_base",5,"COCONUT","ORANGE","BEACH","CYMBAL","SOCIETY","ROD","COCONUT","BEACH","BASE","THEMATIC",34.3363008783,0,1,0
99999999,"sextet_base",6,"SHOE","GLOVE","FOOT","WALL","CARD","TIGER","SHOE","FOOT","BASE","THEMATIC",4.99880088679,0,1,0
99999999,"sextet_base",7,"RIVER","LAKE","RAPIDS","GLASS","BUDGET","FEATHER","RIVER","RAPIDS","BASE","THEMATIC",13.0283589233,0,1,0
99999999,"sextet_base",8,"CRIB","BED","BABY","FERRY","BOWL","PATIO","CRIB","BABY","BASE","THEMATIC",7.92974528577,0,1,0
99999999,"sextet_base",9,"SUBMARINE","AIRPLANE","OCEAN","SHEET","CROW","DOCTOR","SUBMARINE","OCEAN","BASE","THEMATIC",9.91285077017,0,1,0
99999999,"sextet_base",10,"RECEPTIONIST","HOSTESS","TELEPHONE","PARK","HAND","STRING","RECEPTIONIST","TELEPHONE","BASE","THEMATIC",9.66459001414,0,1,0
99999999,"sextet_base",11,"BOTTLE","CAN","BABY","CLOCK","BERRY","BELL","BOTTLE","BABY","BASE","THEMATIC",39.440521081,0,1,0
99999999,"sextet_base",12,"BEER","JUICE","PARTY","SHOP","SNOW","WOUND","BEER","PARTY","BASE","THEMATIC",15.7670175061,0,1,0
99999999,"sextet_base",13,"DOG","CAT","BONE","POND","HOOD","QUEEN","DOG","BONE","BASE","THEMATIC",17.0710578747,0,1,0
99999999,"sextet_base",14,"PANDA","RACOON","BAMBOO","WHIP","FENDER","LAW","PANDA","BAMBOO","BASE","THEMATIC",4.93196142698,0,1,0
99999999,"sextet_base",15,"COOKIE","BISCUIT","CHOCOLATE","PAGE","WAVE","FUR","COOKIE","CHOCOLATE","BASE","THEMATIC",5.94446636876,0,1,0
99999999,"sextet_base",16,"BEE","BUTTERFLY","HONEY","ASPHALT","COACH","PLIERS","BEE","HONEY","BASE","THEMATIC",52.9892715467,0,1,0
99999999,"sextet_base",17,"CAMEL","ANTELOPE","DESERT","CORK","ENGINE","PAMPHLET","CAMEL","DESERT","BASE","THEMATIC",4.38222273579,0,1,0
99999999,"sextet_base",18,"FLY","ANT","WINGS","CEREAL","BUSINESS","CONCRETE","FLY","WINGS","BASE","THEMATIC",9.51219870709,0,1,0
99999999,"sextet_base",19,"COMPUTER","TABLET","MOUSE","ATHLETE","COUCH","SALON","COMPUTER","MOUSE","BASE","THEMATIC",19.392511867,0,1,0
99999999,"sextet_base",20,"BISCUITS","TOAST","GRAVY","SNAIL","PELICAN","DANCE","BISCUITS","GRAVY","BASE","THEMATIC",10.0668358183,0,1,0
99999999,"sextet_base",21,"MILK","LEMONADE","COW","GUITAR","LEAF","WINDOW","MILK","COW","BASE","THEMATIC",3.64384754375,0,1,0
99999999,"sextet_base",22,"SPIDER","BEE","WEB","PEPPER","SHED","TOILET","SPIDER","WEB","BASE","THEMATIC",7.34110527625,0,1,0
99999999,"sextet_base",23,"CAR","BIKE","SEATBELT","SHRIMP","COTTON","BISCUIT","CAR","SEATBELT","BASE","THEMATIC",10.6126083657,0,1,0
99999999,"sextet_base",24,"PACKAGE","CRATE","DELIVERY","TROUT","CHILD","BILL","PACKAGE","DELIVERY","BASE","THEMATIC",7.34084803984,0,1,0
99999999,"sextet_base",25,"SAXOPHONE","HARP","JAZZ","SODA","HAIR","PILOT","SAXOPHONE","JAZZ","BASE","THEMATIC",7.22914877534,0,1,0
99999999,"sextet_base",26,"TOOTHBRUSH","COMB","FLOSS","CAKE","CUP","GLASSES","TOOTHBRUSH","FLOSS","BASE","THEMATIC",5.55487216637,0,1,0
99999999,"sextet_base",27,"HAPPY","SAD","SMILE","ROOF","SEED","KEY","HAPPY","SMILE","BASE","THEMATIC",5.71894141706,0,1,0
99999999,"sextet_base",28,"PANTS","DRESS","POCKET","ICE","TEETH","DOG","PANTS","POCKET","BASE","THEMATIC",5.79693706427,0,1,0
99999999,"sextet_base",29,"SNOW","RAIN","SLED","CEMETARY","WORK","NOVEL","SNOW","SLED","BASE","THEMATIC",5.80365467956,0,1,0
99999999,"sextet_base",30,"OVEN","MICROWAVE","PAN","SCREEN","BASKETBALL","BOOT","OVEN","PAN","BASE","THEMATIC",9.77927646646,0,1,0
99999999,"sextet_base",31,"FIELD","COURT","GRASS","GAS","TOAD","SCHOOL","FIELD","GRASS","BASE","THEMATIC",7.1687001707,0,1,0
99999999,"sextet_base",32,"RABBI","PASTOR","TEMPLE","DRIVEWAY","GLOVES","APPLE","RABBI","TEMPLE","BASE","THEMATIC",8.40224911505,0,1,0
99999999,"sextet_base",33,"SHIP","CANOE","SAILOR","UMBRELLA","BANANA","CHAIR","SHIP","SAILOR","BASE","THEMATIC",41.9549779738,0,1,0
99999999,"sextet_base",34,"SPOON","LADLE","CEREAL","LION","TREE","STEREO","SPOON","CEREAL","BASE","THEMATIC",34.1406113952,0,1,0
99999999,"sextet_base",35,"LAWNMOWER","SCISSORS","GRASS","BOMB","AUNT","INTERNET","LAWNMOWER","GRASS","BASE","THEMATIC",3.94483351847,0,1,0
99999999,"sextet_base",36,"CITY","VILLAGE","AIRPORT","WHALE","NECK","CABINET","CITY","VILLAGE","BASE","TAXONOMIC",39.2397438097,1,0,0
99999999,"sextet_base",37,"CUP","BOWL","TEA","LAMP","PHONE","TRUCK","CUP","TEA","BASE","THEMATIC",16.2683278564,0,1,0
99999999,"sextet_base",38,"SILVER","GOLD","BULLET","STAIRS","BALLOON","LIBRARY","SILVER","BULLET","BASE","THEMATIC",13.9800391714,0,1,0
99999999,"sextet_base",39,"ROBBERY","TREASON","BANK","STEW","TUB","SHORE","ROBBERY","BANK","BASE","THEMATIC",2.96686713723,0,1,0
99999999,"sextet_base",40,"GARLIC","ONION","VAMPIRE","HOUSE","FOOT","CODE","GARLIC","VAMPIRE","BASE","THEMATIC",3.78352169786,0,1,0
99999999,"sextet_base",41,"CIGARETTES","ALCOHOL","LUNGS","OUTLET","SOCK","CARPET","CIGARETTES","LUNGS","BASE","THEMATIC",4.69485023664,0,1,0
99999999,"sextet_base",42,"ROCKET","MISSILE","ASTRONAUT","BUG","CHEESE","WATER","ROCKET","ASTRONAUT","BASE","THEMATIC",3.57714282721,0,1,0
99999999,"sextet_base",43,"SURGEON","BUTCHER","KIDNEY","PENGUIN","MOVIE","HOUSE","SURGEON","KIDNEY","BASE","THEMATIC",5.38796967175,0,1,0
99999999,"sextet_base",44,"COW_2","BUFFALO","FARM","SKY","SLIDE","CHALK","COW","FARM","BASE","THEMATIC",3.19607517216,0,1,0
99999999,"sextet_base",45,"TRUCK","BUS","TRAILER","CLIMATE","CACTUS","CLUB","TRUCK","TRAILER","BASE","THEMATIC",5.83935030736,0,1,0
99999999,"sextet_base",46,"PENCIL","PEN","ERASER","FLUTE","MINT","SHEEP","PENCIL","ERASER","BASE","THEMATIC",5.80994025618,0,1,0
99999999,"sextet_base",47,"NEEDLE","PIN","THREAD","WAX","HYDRANT","WRIST","NEEDLE","THREAD","BASE","THEMATIC",2.59160038223,0,1,0
99999999,"sextet_base",48,"MONKEY","BEAR","BANANA","AIRPLANE","HAMMER","PLUG","MONKEY","BANANA","BASE","THEMATIC",22.3197135902,0,1,0
99999999,"sextet_base",49,"POLICE","FIREMAN","HANDCUFFS","CARAVAN","CRAB","LAUNDRY","POLICE","HANDCUFFS","BASE","THEMATIC",3.39634227473,0,1,0
99999999,"sextet_base",50,"CHAIR","SOFA","LEGS","BREAD","BALL","KEYBOARD","CHAIR","LEGS","BASE","THEMATIC",26.2598509686,0,1,0
99999999,"sextet_base",51,"CROWN","HAT","KING","SHOVEL","NOSE","TENT","CROWN","KING","BASE","THEMATIC",5.98595991591,0,1,0
99999999,"sextet_base",52,"CAKE","DONUT","CANDLE","BROCHURE","LAKE","DRUM","CAKE","CANDLE","BASE","THEMATIC",9.14504367718,0,1,0
99999999,"sextet_base",53,"BIRD","BAT","NEST","BONE","RAIN","BRACKET","BIRD","NEST","BASE","THEMATIC",4.13369183056,0,1,0
99999999,"sextet_base",54,"CAPTAIN","PILOT","SHIP","EAR","BENCH","FREEZER","CAPTAIN","SHIP","BASE","THEMATIC",3.59129712777,0,1,0
99999999,"sextet_base",55,"FOOTBALL","BASEBALL","QUARTERBACK","CLOUD","PLANT","NECKLACE","FOOTBALL","QUARTERBACK","BASE","THEMATIC",3.87127710506,0,1,0
99999999,"sextet_base",56,"CHISEL","KNIFE","SCULPTURE","HAMSTER","BOTTLE","MIRROR","CHISEL","SCULPTURE","BASE","THEMATIC",3.71916786488,0,1,0
99999999,"sextet_base",57,"PENGUIN","GOOSE","ICE","VOLCANO","HEAD","BRICK","PENGUIN","ICE","BASE","THEMATIC",5.31384416064,0,1,0
99999999,"sextet_base",58,"SHAMPOO","BLEACH","SHOWER","TEAM","SAUCE","CIRCLE","SHAMPOO","SHOWER","BASE","THEMATIC",4.47623922117,0,1,0
99999999,"sextet_base",59,"COW","PIG","GRASS","CHISEL","PARCEL","HOTEL","COW","GRASS","BASE","THEMATIC",6.78373523382,0,1,0
99999999,"triad_rand",1,"CAKE","DONUT","CANDLE","BROCHURE","LAKE","DRUM","CAKE","DONUT","BASE","TAXONOMIC",11.4030681667,1,0,0
99999999,"triad_rand",2,"BOTTLE","CAN","BABY","CLOCK","BERRY","BELL","BOTTLE","CAN","BASE","TAXONOMIC",5.94019034831,1,0,0
99999999,"triad_rand",3,"NEEDLE","PIN","THREAD","WAX","HYDRANT","WRIST","NEEDLE","PIN","BASE","TAXONOMIC",4.69425266702,1,0,0
99999999,"triad_rand",4,"CROWN","HAT","KING","SHOVEL","NOSE","TENT","CROWN","HAT","BASE","TAXONOMIC",4.34952985588,1,0,0
99999999,"triad_rand",5,"OVEN","MICROWAVE","PAN","SCREEN","BASKETBALL","BOOT","MICROWAVE","OVEN","TAXONOMIC","BASE",30.7003952237,1,0,0
99999999,"triad_rand",6,"TRUCK","BUS","TRAILER","CLIMATE","CACTUS","CLUB","BUS","TRUCK","TAXONOMIC","BASE",11.866962682,1,0,0
99999999,"triad_rand",7,"COW_2","BUFFALO","FARM","SKY","SLIDE","CHALK","BUFFALO","COW","TAXONOMIC","BASE",4.42479588278,1,0,0
99999999,"triad_rand",8,"BEE","BUTTERFLY","HONEY","ASPHALT","COACH","PLIERS","BEE","BUTTERFLY","BASE","TAXONOMIC",3.9029910285,1,0,0
99999999,"triad_rand",9,"CUP","BOWL","TEA","LAMP","PHONE","TRUCK","BOWL","CUP","TAXONOMIC","BASE",4.8873628322,1,0,0
99999999,"triad_rand",10,"CITY","VILLAGE","AIRPORT","WHALE","NECK","CABINET","CITY","AIRPORT","BASE","THEMATIC",9.00975545682,0,1,0
99999999,"triad_rand",11,"TORTILLA","BAGEL","BEANS","COLD","KNOB","SALESMAN","BAGEL","TORTILLA","TAXONOMIC","BASE",13.3188584521,1,0,0
99999999,"triad_rand",12,"CROUTONS","BAGEL","SALAD","METAL","SHARK","SPOT","BAGEL","CROUTONS","TAXONOMIC","BASE",4.77285548439,1,0,0
99999999,"triad_rand",13,"HAPPY","SAD","SMILE","ROOF","SEED","KEY","SAD","HAPPY","TAXONOMIC","BASE",3.08804045338,1,0,0
99999999,"triad_rand",14,"WAITRESS","STEWARDESS","RESTAURANT","SWAN","BEACH","CALCIUM","STEWARDESS","WAITRESS","TAXONOMIC","BASE",3.79511753796,1,0,0
99999999,"triad_rand",15,"RECEPTIONIST","HOSTESS","TELEPHONE","PARK","HAND","STRING","RECEPTIONIST","HOSTESS","BASE","TAXONOMIC",2.80304717692,1,0,0
99999999,"triad_rand",16,"SILVER","GOLD","BULLET","STAIRS","BALLOON","LIBRARY","GOLD","SILVER","TAXONOMIC","BASE",4.48367226589,1,0,0
99999999,"triad_rand",17,"CAMEL","ANTELOPE","DESERT","CORK","ENGINE","PAMPHLET","ANTELOPE","CAMEL","TAXONOMIC","BASE",6.18962307088,1,0,0
99999999,"triad_rand",18,"PACKAGE","CRATE","DELIVERY","TROUT","CHILD","BILL","PACKAGE","CRATE","BASE","TAXONOMIC",5.56705001649,1,0,0
99999999,"triad_rand",19,"COMPUTER","TABLET","MOUSE","ATHLETE","COUCH","SALON","COMPUTER","TABLET","BASE","TAXONOMIC",2.865226252,1,0,0
99999999,"triad_rand",20,"PENGUIN","GOOSE","ICE","VOLCANO","HEAD","BRICK","GOOSE","PENGUIN","TAXONOMIC","BASE",3.41441471549,1,0,0
99999999,"triad_rand",21,"SPOON","LADLE","CEREAL","LION","TREE","STEREO","LADLE","SPOON","TAXONOMIC","BASE",2.79382705083,1,0,0
99999999,"triad_rand",22,"FLY","ANT","WINGS","CEREAL","BUSINESS","CONCRETE","FLY","ANT","BASE","TAXONOMIC",2.69812710537,1,0,0
99999999,"triad_rand",23,"CHISEL","KNIFE","SCULPTURE","HAMSTER","BOTTLE","MIRROR","KNIFE","CHISEL","TAXONOMIC","BASE",2.88196649263,1,0,0
99999999,"triad_rand",24,"BEER","JUICE","PARTY","SHOP","SNOW","WOUND","JUICE","BEER","TAXONOMIC","BASE",3.17578659067,1,0,0
99999999,"triad_rand",25,"FIELD","COURT","GRASS","GAS","TOAD","SCHOOL","COURT","FIELD","TAXONOMIC","BASE",3.78672705684,1,0,0
99999999,"triad_rand",26,"SNOW","RAIN","SLED","CEMETARY","WORK","NOVEL","RAIN","SNOW","TAXONOMIC","BASE",3.23525061179,1,0,0
99999999,"triad_rand",27,"CIGARETTES","ALCOHOL","LUNGS","OUTLET","SOCK","CARPET","CIGARETTES","ALCOHOL","BASE","TAXONOMIC",36.2354171374,1,0,0
99999999,"triad_rand",28,"COW","PIG","GRASS","CHISEL","PARCEL","HOTEL","PIG","COW","TAXONOMIC","BASE",4.13862435101,1,0,0
99999999,"triad_rand",29,"TOOTHBRUSH","COMB","FLOSS","CAKE","CUP","GLASSES","COMB","TOOTHBRUSH","TAXONOMIC","BASE",3.04709680239,1,0,0
99999999,"triad_rand",30,"RABBI","PASTOR","TEMPLE","DRIVEWAY","GLOVES","APPLE","RABBI","PASTOR","BASE","TAXONOMIC",2.38299477659,1,0,0
99999999,"triad_rand",31,"COOKIE","BISCUIT","CHOCOLATE","PAGE","WAVE","FUR","COOKIE","BISCUIT","BASE","TAXONOMIC",3.77020862978,1,0,0
99999999,"triad_rand",32,"SAXOPHONE","HARP","JAZZ","SODA","HAIR","PILOT","HARP","SAXOPHONE","TAXONOMIC","BASE",2.34463872015,1,0,0
99999999,"triad_rand",33,"BISCUITS","TOAST","GRAVY","SNAIL","PELICAN","DANCE","TOAST","BISCUITS","TAXONOMIC","BASE",3.57598013105,1,0,0
99999999,"triad_rand",34,"MONKEY","BEAR","BANANA","AIRPLANE","HAMMER","PLUG","MONKEY","BEAR","BASE","TAXONOMIC",3.55085139675,1,0,0
99999999,"triad_rand",35,"FOOTBALL","BASEBALL","QUARTERBACK","CLOUD","PLANT","NECKLACE","BASEBALL","FOOTBALL","TAXONOMIC","BASE",2.26592367189,1,0,0
99999999,"triad_rand",36,"SURGEON","BUTCHER","KIDNEY","PENGUIN","MOVIE","HOUSE","SURGEON","BUTCHER","BASE","TAXONOMIC",3.2920475835,1,0,0
99999999,"triad_rand",37,"POLICE","FIREMAN","HANDCUFFS","CARAVAN","CRAB","LAUNDRY","FIREMAN","POLICE","TAXONOMIC","BASE",2.58349958295,1,0,0
99999999,"triad_rand",38,"BIRD","BAT","NEST","BONE","RAIN","BRACKET","BAT","BIRD","TAXONOMIC","BASE",2.12920227554,1,0,0
99999999,"triad_rand",39,"SPIDER","BEE","WEB","PEPPER","SHED","TOILET","BEE","SPIDER","TAXONOMIC","BASE",2.48123298772,1,0,0
99999999,"triad_rand",40,"LAWNMOWER","SCISSORS","GRASS","BOMB","AUNT","INTERNET","SCISSORS","LAWNMOWER","TAXONOMIC","BASE",2.78331776243,1,0,0
99999999,"triad_rand",41,"SUBMARINE","AIRPLANE","OCEAN","SHEET","CROW","DOCTOR","AIRPLANE","SUBMARINE","TAXONOMIC","BASE",4.28045604704,1,0,0
99999999,"triad_rand",42,"SHOE","GLOVE","FOOT","WALL","CARD","TIGER","GLOVE","SHOE","TAXONOMIC","BASE",4.07797379699,1,0,0
99999999,"triad_rand",43,"PANTS","DRESS","POCKET","ICE","TEETH","DOG","DRESS","PANTS","TAXONOMIC","BASE",4.98225398827,1,0,0
99999999,"triad_rand",44,"MILK","LEMONADE","COW","GUITAR","LEAF","WINDOW","LEMONADE","MILK","TAXONOMIC","BASE",5.49737367174,1,0,0
99999999,"triad_rand",45,"BICYCLE","CAR","HELMET","FISH","BEER","BANK","BICYCLE","CAR","BASE","TAXONOMIC",2.78903722018,1,0,0
99999999,"triad_rand",46,"CAPTAIN","PILOT","SHIP","EAR","BENCH","FREEZER","CAPTAIN","PILOT","BASE","TAXONOMIC",2.76373831881,1,0,0
99999999,"triad_rand",47,"ROCKET","MISSILE","ASTRONAUT","BUG","CHEESE","WATER","MISSILE","ROCKET","TAXONOMIC","BASE",4.80547718517,1,0,0
99999999,"triad_rand",48,"COCONUT","ORANGE","BEACH","CYMBAL","SOCIETY","ROD","COCONUT","ORANGE","BASE","TAXONOMIC",3.39026195742,1,0,0
99999999,"triad_rand",49,"GARLIC","ONION","VAMPIRE","HOUSE","FOOT","CODE","ONION","GARLIC","TAXONOMIC","BASE",2.65489183133,1,0,0
99999999,"triad_rand",50,"RIVER","LAKE","RAPIDS","GLASS","BUDGET","FEATHER","RIVER","LAKE","BASE","TAXONOMIC",2.82049357658,1,0,0
99999999,"triad_rand",51,"PANDA","RACOON","BAMBOO","WHIP","FENDER","LAW","PANDA","RACOON","BASE","TAXONOMIC",2.17586869514,1,0,0
99999999,"triad_rand",52,"DOG","CAT","BONE","POND","HOOD","QUEEN","CAT","DOG","TAXONOMIC","BASE",2.46844399394,1,0,0
99999999,"triad_rand",53,"CHAIR","SOFA","LEGS","BREAD","BALL","KEYBOARD","CHAIR","SOFA","BASE","TAXONOMIC",5.51873522997,1,0,0
99999999,"triad_rand",54,"CAR","BIKE","SEATBELT","SHRIMP","COTTON","BISCUIT","BIKE","CAR","TAXONOMIC","BASE",5.43582593417,1,0,0
99999999,"triad_rand",55,"CRIB","BED","BABY","FERRY","BOWL","PATIO","BED","CRIB","TAXONOMIC","BASE",2.32054654649,1,0,0
99999999,"triad_rand",56,"PENCIL","PEN","ERASER","FLUTE","MINT","SHEEP","PEN","PENCIL","TAXONOMIC","BASE",2.31314362912,1,0,0
99999999,"triad_rand",57,"SHIP","CANOE","SAILOR","UMBRELLA","BANANA","CHAIR","CANOE","SHIP","TAXONOMIC","BASE",3.21066118078,1,0,0
99999999,"triad_rand",58,"ROBBERY","TREASON","BANK","STEW","TUB","SHORE","ROBBERY","TREASON","BASE","TAXONOMIC",1.95731031848,1,0,0
99999999,"triad_rand",59,"SHAMPOO","BLEACH","SHOWER","TEAM","SAUCE","CIRCLE","SHAMPOO","BLEACH","BASE","TAXONOMIC",22.4019332794,1,0,0
99999999,"triad_base",1,"PANDA","RACOON","BAMBOO","WHIP","FENDER","LAW","PANDA","RACOON","BASE","TAXONOMIC",10.041941477,1,0,0
99999999,"triad_base",2,"COMPUTER","TABLET","MOUSE","ATHLETE","COUCH","SALON","COMPUTER","TABLET","BASE","TAXONOMIC",5.07681143191,1,0,0
99999999,"triad_base",3,"CAKE","DONUT","CANDLE","BROCHURE","LAKE","DRUM","CAKE","CANDLE","BASE","THEMATIC",10.5435123751,0,1,0
99999999,"triad_base",4,"CHISEL","KNIFE","SCULPTURE","HAMSTER","BOTTLE","MIRROR","CHISEL","SCULPTURE","BASE","THEMATIC",1.75356539153,0,1,0
99999999,"triad_base",5,"BEER","JUICE","PARTY","SHOP","SNOW","WOUND","BEER","PARTY","BASE","THEMATIC",1.15564268455,0,1,0
99999999,"triad_base",6,"HAPPY","SAD","SMILE","ROOF","SEED","KEY","HAPPY","SMILE","BASE","THEMATIC",1.24054134218,0,1,0
99999999,"triad_base",7,"OVEN","MICROWAVE","PAN","SCREEN","BASKETBALL","BOOT","OVEN","PAN","BASE","THEMATIC",1.59639683412,0,1,0
99999999,"triad_base",8,"TORTILLA","BAGEL","BEANS","COLD","KNOB","SALESMAN","TORTILLA","BEANS","BASE","THEMATIC",1.64082062757,0,1,0
99999999,"triad_base",9,"GARLIC","ONION","VAMPIRE","HOUSE","FOOT","CODE","GARLIC","VAMPIRE","BASE","THEMATIC",3.4743514955,0,1,0
99999999,"triad_base",10,"FOOTBALL","BASEBALL","QUARTERBACK","CLOUD","PLANT","NECKLACE","FOOTBALL","QUARTERBACK","BASE","THEMATIC",22.4582336559,0,1,0
99999999,"triad_base",11,"CAR","BIKE","SEATBELT","SHRIMP","COTTON","BISCUIT","CAR","SEATBELT","BASE","THEMATIC",1.36631975602,0,1,0
99999999,"triad_base",12,"SPIDER","BEE","WEB","PEPPER","SHED","TOILET","SPIDER","WEB","BASE","THEMATIC",6.78980396409,0,1,0
99999999,"triad_base",13,"RABBI","PASTOR","TEMPLE","DRIVEWAY","GLOVES","APPLE","RABBI","TEMPLE","BASE","THEMATIC",2.13388748979,0,1,0
99999999,"triad_base",14,"FIELD","COURT","GRASS","GAS","TOAD","SCHOOL","FIELD","GRASS","BASE","THEMATIC",1.12183875497,0,1,0
99999999,"triad_base",15,"CITY","VILLAGE","AIRPORT","WHALE","NECK","CABINET","CITY","VILLAGE","BASE","TAXONOMIC",4.23065048037,1,0,0
99999999,"triad_base",16,"SHAMPOO","BLEACH","SHOWER","TEAM","SAUCE","CIRCLE","SHAMPOO","SHOWER","BASE","THEMATIC",7.7860096423,0,1,0
99999999,"triad_base",17,"MONKEY","BEAR","BANANA","AIRPLANE","HAMMER","PLUG","MONKEY","BANANA","BASE","THEMATIC",1.29555917671,0,1,0
99999999,"triad_base",18,"COCONUT","ORANGE","BEACH","CYMBAL","SOCIETY","ROD","COCONUT","BEACH","BASE","THEMATIC",0.924380728975,0,1,0
99999999,"triad_base",19,"NEEDLE","PIN","THREAD","WAX","HYDRANT","WRIST","NEEDLE","THREAD","BASE","THEMATIC",1.91595383128,0,1,0
99999999,"triad_base",20,"SURGEON","BUTCHER","KIDNEY","PENGUIN","MOVIE","HOUSE","SURGEON","KIDNEY","BASE","THEMATIC",4.41901219822,0,1,0
99999999,"triad_base",21,"CRIB","BED","BABY","FERRY","BOWL","PATIO","CRIB","BABY","BASE","THEMATIC",18.7722049444,0,1,0
99999999,"triad_base",22,"COOKIE","BISCUIT","CHOCOLATE","PAGE","WAVE","FUR","COOKIE","CHOCOLATE","BASE","THEMATIC",2.8658953323,0,1,0
99999999,"triad_base",23,"SUBMARINE","AIRPLANE","OCEAN","SHEET","CROW","DOCTOR","SUBMARINE","OCEAN","BASE","THEMATIC",6.45808997424,0,1,0
99999999,"triad_base",24,"TOOTHBRUSH","COMB","FLOSS","CAKE","CUP","GLASSES","TOOTHBRUSH","FLOSS","BASE","THEMATIC",1.10538289836,0,1,0
99999999,"triad_base",25,"PACKAGE","CRATE","DELIVERY","TROUT","CHILD","BILL","PACKAGE","DELIVERY","BASE","THEMATIC",1.34105329914,0,1,0
99999999,"triad_base",26,"TRUCK","BUS","TRAILER","CLIMATE","CACTUS","CLUB","TRUCK","TRAILER","BASE","THEMATIC",3.44429289084,0,1,0
99999999,"triad_base",27,"BIRD","BAT","NEST","BONE","RAIN","BRACKET","BIRD","NEST","BASE","THEMATIC",6.46716807364,0,1,0
99999999,"triad_base",28,"PANTS","DRESS","POCKET","ICE","TEETH","DOG","PANTS","POCKET","BASE","THEMATIC",3.33219999168,0,1,0
99999999,"triad_base",29,"CAPTAIN","PILOT","SHIP","EAR","BENCH","FREEZER","CAPTAIN","SHIP","BASE","THEMATIC",8.97093260009,0,1,0
99999999,"triad_base",30,"SAXOPHONE","HARP","JAZZ","SODA","HAIR","PILOT","SAXOPHONE","JAZZ","BASE","THEMATIC",1.83897454944,0,1,0
99999999,"triad_base",31,"CHAIR","SOFA","LEGS","BREAD","BALL","KEYBOARD","CHAIR","LEGS","BASE","THEMATIC",8.22338826535,0,1,0
99999999,"triad_base",32,"COW_2","BUFFALO","FARM","SKY","SLIDE","CHALK","COW","FARM","BASE","THEMATIC",8.5934179225,0,1,0
99999999,"triad_base",33,"RECEPTIONIST","HOSTESS","TELEPHONE","PARK","HAND","STRING","RECEPTIONIST","TELEPHONE","BASE","THEMATIC",8.4420767501,0,1,0
99999999,"triad_base",34,"PENCIL","PEN","ERASER","FLUTE","MINT","SHEEP","PENCIL","ERASER","BASE","THEMATIC",2.46499265358,0,1,0
99999999,"triad_base",35,"CROUTONS","BAGEL","SALAD","METAL","SHARK","SPOT","CROUTONS","SALAD","BASE","THEMATIC",0.979913367424,0,1,0
99999999,"triad_base",36,"LAWNMOWER","SCISSORS","GRASS","BOMB","AUNT","INTERNET","LAWNMOWER","GRASS","BASE","THEMATIC",1.51313230721,0,1,0
99999999,"triad_base",37,"BEE","BUTTERFLY","HONEY","ASPHALT","COACH","PLIERS","BEE","HONEY","BASE","THEMATIC",2.88841429027,0,1,0
99999999,"triad_base",38,"POLICE","FIREMAN","HANDCUFFS","CARAVAN","CRAB","LAUNDRY","POLICE","HANDCUFFS","BASE","THEMATIC",1.38173739612,0,1,0
99999999,"triad_base",39,"SHOE","GLOVE","FOOT","WALL","CARD","TIGER","SHOE","FOOT","BASE","THEMATIC",2.08754518162,0,1,0
99999999,"triad_base",40,"CIGARETTES","ALCOHOL","LUNGS","OUTLET","SOCK","CARPET","CIGARETTES","ALCOHOL","BASE","TAXONOMIC",2.82730355812,1,0,0
99999999,"triad_base",41,"CROWN","HAT","KING","SHOVEL","NOSE","TENT","CROWN","KING","BASE","THEMATIC",8.10628802702,0,1,0
99999999,"triad_base",42,"FLY","ANT","WINGS","CEREAL","BUSINESS","CONCRETE","FLY","WINGS","BASE","THEMATIC",3.95061852643,0,1,0
99999999,"triad_base",43,"SILVER","GOLD","BULLET","STAIRS","BALLOON","LIBRARY","SILVER","BULLET","BASE","THEMATIC",3.33793865191,0,1,0
99999999,"triad_base",44,"SNOW","RAIN","SLED","CEMETARY","WORK","NOVEL","SNOW","SLED","BASE","THEMATIC",3.61568030668,0,1,0
99999999,"triad_base",45,"CAMEL","ANTELOPE","DESERT","CORK","ENGINE","PAMPHLET","CAMEL","DESERT","BASE","THEMATIC",2.45133792842,0,1,0
99999999,"triad_base",46,"SHIP","CANOE","SAILOR","UMBRELLA","BANANA","CHAIR","SHIP","SAILOR","BASE","THEMATIC",3.30011362117,0,1,0
99999999,"triad_base",47,"ROCKET","MISSILE","ASTRONAUT","BUG","CHEESE","WATER","ROCKET","ASTRONAUT","BASE","THEMATIC",3.87626458053,0,1,0
99999999,"triad_base",48,"ROBBERY","TREASON","BANK","STEW","TUB","SHORE","ROBBERY","BANK","BASE","THEMATIC",1.3622013228,0,1,0
99999999,"triad_base",49,"BICYCLE","CAR","HELMET","FISH","BEER","BANK","BICYCLE","HELMET","BASE","THEMATIC",2.80231453339,0,1,0
99999999,"triad_base",50,"MILK","LEMONADE","COW","GUITAR","LEAF","WINDOW","MILK","COW","BASE","THEMATIC",2.7738529793,0,1,0
99999999,"triad_base",51,"CUP","BOWL","TEA","LAMP","PHONE","TRUCK","CUP","TEA","BASE","THEMATIC",7.08085007919,0,1,0
99999999,"triad_base",52,"PENGUIN","GOOSE","ICE","VOLCANO","HEAD","BRICK","PENGUIN","ICE","BASE","THEMATIC",2.77365467278,0,1,0
99999999,"triad_base",53,"RIVER","LAKE","RAPIDS","GLASS","BUDGET","FEATHER","RIVER","RAPIDS","BASE","THEMATIC",0.977672065608,0,1,0
99999999,"triad_base",54,"BISCUITS","TOAST","GRAVY","SNAIL","PELICAN","DANCE","BISCUITS","GRAVY","BASE","THEMATIC",1.05255472008,0,1,0
99999999,"triad_base",55,"DOG","CAT","BONE","POND","HOOD","QUEEN","DOG","BONE","BASE","THEMATIC",1.11903663119,0,1,0
99999999,"triad_base",56,"COW","PIG","GRASS","CHISEL","PARCEL","HOTEL","COW","GRASS","BASE","THEMATIC",2.56434456352,0,1,0
99999999,"triad_base",57,"BOTTLE","CAN","BABY","CLOCK","BERRY","BELL","BOTTLE","BABY","BASE","THEMATIC",1.82430345844,0,1,0
99999999,"triad_base",58,"WAITRESS","STEWARDESS","RESTAURANT","SWAN","BEACH","CALCIUM","WAITRESS","RESTAURANT","BASE","THEMATIC",1.51498394692,0,1,0
99999999,"triad_base",59,"SPOON","LADLE","CEREAL","LION","TREE","STEREO","SPOON","CEREAL","BASE","THEMATIC",2.71414231602,0,1,0
